1.423725588150091648e+00,-1.917970722225891711e+00,1.251429319381713867e-03
1.427047398783336085e+00,-1.909957702891076803e+00,2.226191759109497070e-02
1.423669204099968333e+00,-1.855925844749339859e+00,1.325458288192749023e-03
1.430428586605075436e+00,-1.901801351266038553e+00,4.364892840385437012e-02
1.427220967347264891e+00,-1.846767527910349926e+00,2.379488945007324219e-02
1.423604577483690736e+00,-1.784719313423710707e+00,1.410394906997680664e-03
1.433871119890681278e+00,-1.893497018748053762e+00,6.542256474494934082e-02
1.430840878886797674e+00,-1.837433456347479011e+00,4.669520258903503418e-02
1.427420581604144978e+00,-1.774151302616856496e+00,2.555659413337707520e-02
1.423529589502707804e+00,-1.702160418443775969e+00,1.508891582489013672e-03
1.437376728361348333e+00,-1.885040533503734572e+00,8.759325742721557617e-02
1.434530847423197475e+00,-1.827918862231768138e+00,7.003888487815856934e-02
1.431315325892976054e+00,-1.763365161194192066e+00,5.020061135292053223e-02
1.427652313644923954e+00,-1.689830223866231496e+00,2.760219573974609375e-02
1.440946545285024971e+00,-1.876429154041599823e+00,1.101725697517395020e-01
1.438292990565510188e+00,-1.818217964514666329e+00,9.383893013000488281e-02
1.435291166564259591e+00,-1.752354452523904538e+00,7.535815238952636719e-02
1.431867026391224762e+00,-1.677224920397885510e+00,5.427736043930053711e-02
1.444582688067345355e+00,-1.867657814568806973e+00,1.331715583801269531e-01
1.442129276623009382e+00,-1.808325995384165719e+00,1.181090474128723145e-01
1.439350758126498153e+00,-1.741111786384657689e+00,1.010453701019287109e-01
1.436177247432777859e+00,-1.664333899412502982e+00,8.155378699302673340e-02
1.448287065379038729e+00,-1.858721866465681716e+00,1.566019803285598755e-01
1.446042688031435874e+00,-1.798235207084305731e+00,1.428626030683517456e-01
1.443497172625807234e+00,-1.729628699790209279e+00,1.272788792848587036e-01
1.440585333119265954e+00,-1.651150247441131480e+00,1.094527542591094971e-01
1.452061526235339350e+00,-1.849616839909526078e+00,1.804761886596679688e-01
1.450034387962765070e+00,-1.787942500504227095e+00,1.681151688098907471e-01
1.447732229427658002e+00,-1.717900186467604451e+00,1.540770083665847778e-01
1.456516692121992307e+00,-1.838869720094935101e+00,2.045518159866333008e-01
1.454107865831216539e+00,-1.777438935939205322e+00,1.938812583684921265e-01
1.452060014704634305e+00,-1.705914803486648923e+00,1.814574450254440308e-01
1.409445604708099431e+00,-1.952417968405648407e+00,2.474728673696517944e-01
1.425606762661649762e+00,-1.850929857406677481e+00,2.325555682182312012e-01
1.457909513009596703e+00,-1.689715208662642798e+00,2.088590562343597412e-01
5.556167842200906426e-01,-6.423819806881616579e-01,5.496096611022949219e-02
1.398272320232596178e+00,-1.979370873319513446e+00,2.739095911383628845e-01
1.392020604584843557e+00,-1.937532831955145252e+00,2.688785493373870850e-01
7.921741699759476951e-01,-5.874309104040964513e-02,4.296439886093139648e-02
5.445525705994965771e-01,9.260225560958401658e-02,2.477276325225830078e-02
5.556104145242031223e-01,-6.423538454832145028e-01,1.131548583507537842e-01
1.390352164504078836e+00,-1.998476499889968228e+00,2.981715425848960876e-01
1.379903780217408116e+00,-1.968776407086920699e+00,2.953939139842987061e-01
1.373999088731160390e+00,-1.922097076944975891e+00,2.910280525684356689e-01
7.915542352527729086e-01,-5.209461239028767565e-02,1.161384880542755127e-01
5.445456082473741910e-01,9.264231191251326436e-02,1.026075482368469238e-01
3.399017678178923862e-01,7.262738298117672464e-01,4.334819316864013672e-02
5.556040150259944355e-01,-6.423257102697919052e-01,1.713502705097198486e-01
9.355296803323442933e-02,5.909097326908741010e-01,5.601561069488525391e-02
-9.240527585124724830e-02,6.019134214923900217e-01,5.499136447906494141e-02
-3.177703959445294934e-01,9.734823116560833434e-01,2.024379372596740723e-02
-3.234256517877835968e-01,7.262848514232431718e-01,4.336479306221008301e-02
-4.181790412251087385e-01,7.262812807281986416e-01,4.336762428283691406e-02
1.384923791772590285e+00,-2.011571169987240282e+00,3.210106119513511658e-01
1.371677551752112922e+00,-1.989988017217114269e+00,3.195689208805561066e-01
1.364423332158667845e+00,-1.948616216324511985e+00,3.168050646781921387e-01
1.369379171712058696e+00,-1.864113017957183871e+00,3.111594468355178833e-01
4.364687404882553468e-01,1.360045468873488872e+00,9.577587246894836426e-02
5.445403715821218738e-01,9.267235414394869863e-02,1.804451644420623779e-01
3.398928993376824081e-01,7.263181781913772284e-01,1.381161212921142578e-01
5.555989847394657843e-01,-6.423035359104769526e-01,2.295476049184799194e-01
-3.026093758531578359e-03,1.331234069381925345e+00,9.770905971527099609e-02
8.389191638778126237e-02,6.253777945455754050e-01,1.448646485805511475e-01
-2.248832865812977477e-01,1.331256155276552278e+00,9.771180152893066406e-02
-9.889438763028812751e-02,6.213578260034968714e-01,1.451366990804672241e-01
-3.177826648049164593e-01,9.735164090034107431e-01,1.216136515140533447e-01
-3.234425670303204825e-01,7.263287252540919781e-01,1.381279975175857544e-01
-4.181975059849356580e-01,7.263258702554802326e-01,1.381299942731857300e-01
1.380404656021006593e+00,-2.022472588041027031e+00,3.430617935955524445e-01
1.368362652252922418e+00,-1.998535572993346054e+00,3.421024084091186523e-01
1.359424227451815792e+00,-1.962460775358120912e+00,3.406564444303512573e-01
1.354454407976945163e+00,-1.908749972041668963e+00,3.385035023093223572e-01
4.446470340047995462e-01,1.304293247608435458e+00,2.097187638282775879e-01
5.445334687668381690e-01,9.271217201135817376e-02,2.582839503884315491e-01
3.398839713206338597e-01,7.263627650065078711e-01,2.328863590955734253e-01
5.555926745126131827e-01,-6.422758775596193459e-01,2.877458781003952026e-01
1.490936478507318697e-01,7.313220094281569494e-01,2.326897382736206055e-01
8.701554724091487003e-02,6.142334597980005917e-01,2.373839467763900757e-01
-4.069684857914568354e-02,7.313168560731169165e-01,2.326921075582504272e-01
-9.614406953850140880e-02,6.131165821587458709e-01,2.374307960271835327e-01
-2.304862680572341560e-01,7.313260075271279526e-01,2.326939105987548828e-01
-3.234598396973000778e-01,7.263733144423549781e-01,2.328934818506240845e-01
-4.182160898862437026e-01,7.263706982352333696e-01,2.328946739435195923e-01
1.377047833426255252e+00,-2.030570116808511294e+00,3.644927917048335075e-01
1.365171940679607454e+00,-2.006762967922658181e+00,3.641747348010540009e-01
1.354836271607201770e+00,-1.975166644929085447e+00,3.637525951489806175e-01
1.345969264336584148e+00,-1.934127277330873973e+00,3.632042752578854561e-01
4.526071798509242461e-01,1.250026913027369346e+00,3.206621706485748291e-01
5.854978286682079869e-01,-1.435172245792966095e-01,3.392816856503486633e-01
5.855174576417343513e-01,-5.010073073316436698e-01,3.440583366900682449e-01
5.567190122026459687e-01,-6.472410265703958387e-01,3.460123650729656219e-01
4.986558007475302423e-01,-6.472412032945773497e-01,3.460125923156738281e-01
4.405935429666925085e-01,-6.472413802899739110e-01,3.460128121078014374e-01
3.825320600462053244e-01,-6.472415575057324233e-01,3.460130356252193451e-01
3.244714711953535780e-01,-6.472417349757551008e-01,3.460132572799921036e-01
2.664117764141373801e-01,-6.472419127000423877e-01,3.460134807974100113e-01
2.083508314949183982e-01,-6.472366064412615749e-01,3.460136279463768005e-01
1.502928056436885207e-01,-6.472367846401754221e-01,3.460138514637947083e-01
1.374574540564616143e+00,-2.036536434659355965e+00,3.855194356292486191e-01
1.362923584189538184e+00,-2.012560370568309498e+00,3.858397556468844414e-01
1.351695046681080647e+00,-1.983866003528304889e+00,3.862231224775314331e-01
1.341203723567010453e+00,-1.948380015806933097e+00,3.866972392424941063e-01
1.341779109303699702e+00,-1.870754842038769183e+00,3.877344550564885139e-01
4.603606006919702676e-01,1.197171121607760291e+00,4.287241771817207336e-01
5.854934251118733002e-01,-1.434919509565641960e-01,4.108109548687934875e-01
5.855111187652246585e-01,-5.009755958566302070e-01,4.060343187302350998e-01
5.567126722412759632e-01,-6.472131297924934579e-01,4.040802083909511566e-01
4.986487157281306315e-01,-6.472133063047880164e-01,4.040799848735332489e-01
4.405856830869420149e-01,-6.472134830798221827e-01,4.040797576308250427e-01
3.825234849107465029e-01,-6.472136600921696292e-01,4.040795341134071350e-01
3.244621211995440957e-01,-6.472138373418303559e-01,4.040793087333440781e-01
2.663997457689083470e-01,-6.472085306762269674e-01,4.040791597217321396e-01
2.083400509876921491e-01,-6.472087084005138102e-01,4.040789343416690826e-01
1.502813098807538328e-01,-6.472088863960161476e-01,4.040787108242511749e-01
1.372410331049925158e+00,-2.041757067064720488e+00,4.062570575624704361e-01
1.361083520880982611e+00,-2.017305092445078607e+00,4.072370901703834534e-01
1.349454442042395508e+00,-1.990071163769900231e+00,4.083286374807357788e-01
1.341811641780530362e+00,-1.946561889325539862e+00,4.100726284086704254e-01
1.341817023125425834e+00,-1.870631530806040832e+00,4.131163209676742554e-01
4.679425135875812103e-01,1.145483630048078627e+00,5.340081602334976196e-01
4.346289345976425134e-01,7.264988988332063968e-01,5.172126591205596924e-01
3.398572468741303254e-01,7.264965254349489143e-01,5.172114819288253784e-01
1.859037342813999460e-01,9.873852646780605369e-01,5.276675075292587280e-01
1.238522688919612147e-01,8.308658491738767360e-01,5.213926881551742554e-01
9.196849599182599366e-02,5.965626112002579973e-01,5.120002031326293945e-01
-5.490452208655449695e-02,7.775943683847392762e-01,5.192552506923675537e-01
-9.045309917236554753e-02,5.960635046573070639e-01,5.119781196117401123e-01
1.042931554759348733e-01,-1.974684928247398830e-01,4.801713973283767700e-01
3.421895076347380993e-02,-1.974728831414584995e-01,4.801704213023185730e-01
-3.585358508680469569e-02,-1.974775123513730080e-01,4.801694303750991821e-01
1.371481500485953964e+00,-2.043997639625858564e+00,4.269147254526615143e-01
1.360042238982235752e+00,-2.019990045275636525e+00,4.285184293985366821e-01
1.347877968829516826e+00,-1.994436994262160701e+00,4.302253648638725281e-01
1.364357918111522183e+00,-1.879130590148491819e+00,4.379291608929634094e-01
1.333874752611239778e+00,-1.896449111197569870e+00,4.367715418338775635e-01
1.333870272231731491e+00,-1.808562236461983108e+00,4.426431655883789062e-01
4.753131205317308039e-01,1.095236962113397272e+00,6.366259753704071045e-01
4.346211986734412891e-01,7.265434853093180045e-01,6.119932383298873901e-01
3.398483188570816660e-01,7.265411122500795571e-01,6.119912564754486084e-01
1.052250825788747512e-01,1.343032660565636860e+00,6.531738042831420898e-01
9.647895779613835376e-02,9.388174114953069527e-01,6.261685490608215332e-01
8.074000201052167203e-02,6.366229883997300831e-01,6.059790104627609253e-01
-1.022165879157923563e-01,9.317010952118929268e-01,6.256893277168273926e-01
-1.035686538708162630e-01,6.353643400564248367e-01,6.058914214372634888e-01
1.107474782456945306e-01,-2.153750875448205981e-01,5.490586906671524048e-01
4.114862292922683018e-02,-2.153712683953865614e-01,5.490576177835464478e-01
-2.844278634979802156e-02,-2.153834254089748157e-01,5.490554869174957275e-01
1.371715758447694000e+00,-2.043432534981786119e+00,4.477150961756706238e-01
1.361831720448449357e+00,-2.015375783586603742e+00,4.503390416502952576e-01
1.474972503360878706e+00,-1.642460847749361852e+00,4.852216094732284546e-01
1.443491027690636086e+00,-1.642460000975180856e+00,4.852208495140075684e-01
1.412735760515751338e+00,-1.640099970372987936e+00,4.854407757520675659e-01
1.384643889687687590e+00,-1.627810920619920498e+00,4.865894466638565063e-01
1.376720348659299598e+00,-1.533591482230999059e+00,4.954017922282218933e-01
4.824994296197339105e-01,1.046246812553796701e+00,7.366758882999420166e-01
4.346109038856487139e-01,7.266026160470575590e-01,7.067775726318359375e-01
6.522061310163917991e-02,1.519380333006121298e+00,7.809179425239562988e-01
9.751789373312247378e-02,9.347203694222989689e-01,7.262342870235443115e-01
3.911865903380107312e-03,9.107258403558087245e-01,7.239875495433807373e-01
-1.008361116722931161e-01,9.272048432907968873e-01,7.255260646343231201e-01
-2.442731936633750767e-01,1.056979679866861588e+00,7.376603782176971436e-01
1.171171100685344246e-01,-2.330465774511707444e-01,6.170110404491424561e-01
4.799026398275962890e-02,-2.330426541176930932e-01,6.170095652341842651e-01
-2.113550921945250849e-02,-2.330387310893327069e-01,6.170080900192260742e-01
1.535668803019445416e+00,-1.647933484087775513e+00,5.160443037748336792e-01
1.504332643467289010e+00,-1.647932678639995929e+00,5.160433202981948853e-01
1.472996990554592545e+00,-1.647931873336299535e+00,5.160423368215560913e-01
1.441703454014682695e+00,-1.647806267878857200e+00,5.160563737154006958e-01
1.410949754914228471e+00,-1.645905670343116300e+00,5.162838846445083618e-01
1.381276632747797661e+00,-1.639798245695325951e+00,5.170173197984695435e-01
1.361334880739860864e+00,-1.594122182491287454e+00,5.225094407796859741e-01
1.350618809732627934e+00,-1.497152268351739313e+00,5.341702550649642944e-01
1.686635436048878889e-01,1.063383708585960097e+00,8.420486152172088623e-01
9.483559343201852787e-02,9.452983345117629277e-01,8.278456628322601318e-01
-2.653481124230250288e-03,9.341492343749622229e-01,8.265015780925750732e-01
-1.029719135323843293e-01,9.341615514359271621e-01,8.264996409416198730e-01
-2.377523992004988429e-01,1.037440375747207266e+00,8.389148712158203125e-01
1.233980009477475548e-01,-2.504719941369311087e-01,6.840485334396362305e-01
5.473684593277083898e-02,-2.504682032411795767e-01,6.840466260910034180e-01
-1.392353415405134243e-02,-2.504641741472211081e-01,6.840447783470153809e-01
1.525178669008873333e+00,-1.673238514787884101e+00,5.436574965715408325e-01
1.494646103170016893e+00,-1.672909754686443984e+00,5.437045395374298096e-01
1.464432508025926616e+00,-1.671650418335813626e+00,5.438883602619171143e-01
1.434153468204987458e+00,-1.670386771838796580e+00,5.440728217363357544e-01
1.404102957645105176e+00,-1.668162244211210066e+00,5.443985313177108765e-01
1.374642982696226534e+00,-1.663413627717530652e+00,5.450952500104904175e-01
1.351204524842690269e+00,-1.633977882770257350e+00,5.494207143783569336e-01
1.350624001845676103e+00,-1.497129381643803381e+00,5.695345550775527954e-01
1.768600531495704287e-01,1.027251901482465257e+00,9.405166208744049072e-01
8.437330075686833020e-02,9.865584545686481022e-01,9.345317184925079346e-01
-1.575261672237959765e-02,9.808834798644840980e-01,9.336934387683868408e-01
-1.201007274566803229e-01,9.899539882734678109e-01,9.350222647190093994e-01
-2.731926854143609251e-01,1.143635895140978853e+00,9.576038420200347900e-01
1.525184514264247948e+00,-1.673224449753478504e+00,5.743165910243988037e-01
1.494651501356671686e+00,-1.672895808734190970e+00,5.743721723556518555e-01
1.464437578420950459e+00,-1.671636353081045856e+00,5.745894312858581543e-01
1.434158180972157082e+00,-1.670372706482323055e+00,5.748074352741241455e-01
1.404107790096186026e+00,-1.668146509958652324e+00,5.751926451921463013e-01
1.374646980241589711e+00,-1.663399442948360951e+00,5.760157704353332520e-01
1.351208284138993410e+00,-1.633963101886860114e+00,5.811277925968170166e-01
1.350627731780382534e+00,-1.497113051031229158e+00,6.048989742994308472e-01
-1.458781246044971169e-02,9.767277510229943616e-01,1.034543901681900024e+00
1.525190270078756960e+00,-1.673210503902931245e+00,6.049764007329940796e-01
1.494656959181870803e+00,-1.672881743589604397e+00,6.050405651330947876e-01
1.464442648815974302e+00,-1.671622287826277864e+00,6.052912473678588867e-01
1.434162923575549753e+00,-1.670358521925040085e+00,6.055428087711334229e-01
1.404112115433180152e+00,-1.668132444491997601e+00,6.059872657060623169e-01
1.374651007623175936e+00,-1.663385138978382249e+00,6.069370657205581665e-01
1.351212162780188741e+00,-1.633947844200226207e+00,6.128357499837875366e-01
1.350631491585214006e+00,-1.497096482008561269e+00,6.402642726898193359e-01
4.452359028652375095e-02,1.143713148184878570e+00,1.169476658105850220e+00
-1.517932477867733887e-02,9.788384005905346186e-01,1.136428028345108032e+00
1.525196741623600971e+00,-1.673194889325808843e+00,6.356373727321624756e-01
1.494662417007070143e+00,-1.672867678445017381e+00,6.357097029685974121e-01
1.464447689374774875e+00,-1.671608341772319317e+00,6.359938085079193115e-01
1.434167666178942424e+00,-1.670344337367757337e+00,6.362789869308471680e-01
1.404116470606397549e+00,-1.668118259824533656e+00,6.367827057838439941e-01
1.374654975366218057e+00,-1.663370954200736884e+00,6.378591358661651611e-01
1.351215922076491882e+00,-1.633933063316828971e+00,6.445444226264953613e-01
1.350635251390045477e+00,-1.497079912985893380e+00,6.756305098533630371e-01
-1.473560120084682623e-02,9.772551749708839885e-01,1.237586051225662231e+00
1.525202586878975586e+00,-1.673180824291403246e+00,6.662987172603607178e-01
1.494667815193725158e+00,-1.672853732492764367e+00,6.663795411586761475e-01
1.464453326454625781e+00,-1.671592726957883857e+00,6.666975021362304688e-01
1.434172289471344897e+00,-1.670330510404426816e+00,6.670157611370086670e-01
1.404120766107168627e+00,-1.668104313558688157e+00,6.675787568092346191e-01
1.374659480059569505e+00,-1.663354981436379498e+00,6.687823534011840820e-01
1.351218905630995115e+00,-1.633921381654472871e+00,6.762530803680419922e-01
1.350639040997198226e+00,-1.497063343971700711e+00,7.109975814819335938e-01
1.525208312857261550e+00,-1.673166997641665210e+00,6.969607770442962646e-01
1.494673243182701228e+00,-1.672839786548987018e+00,6.970501542091369629e-01
1.464458426651970679e+00,-1.671578661711591529e+00,6.974015831947326660e-01
1.434177509318699029e+00,-1.670314895471334715e+00,6.977537870407104492e-01
1.404125568722026429e+00,-1.668088698506939416e+00,6.983760595321655273e-01
1.374663447802611405e+00,-1.663340796658734355e+00,6.997059583663940430e-01
1.351222694763521304e+00,-1.633906481570266189e+00,7.079632282257080078e-01
1.350642800802029475e+00,-1.497046774949032599e+00,7.463655173778533936e-01
1.525214098474091839e+00,-1.673153051799593616e+00,7.276236116886138916e-01
1.494678641369356242e+00,-1.672825840596734004e+00,7.277215123176574707e-01
1.464463437408450419e+00,-1.671564715649157318e+00,7.281064391136169434e-01
1.434182251922091700e+00,-1.670300710914051967e+00,7.284922301769256592e-01
1.404129923895243826e+00,-1.668074513839475470e+00,7.291737794876098633e-01
1.374667415511751534e+00,-1.663326731090374100e+00,7.306302785873413086e-01
1.351226454059824444e+00,-1.633891700686869397e+00,7.396742105484008789e-01
1.350646530736735906e+00,-1.497030444336458599e+00,7.817343175411224365e-01
1.525220480544168478e+00,-1.673137675615614217e+00,7.582876980304718018e-01
1.494684636043159376e+00,-1.672810345093288964e+00,7.583941519260406494e-01
1.464468477967251214e+00,-1.671550769595198549e+00,7.588120102882385254e-01
1.434186905050717220e+00,-1.670286764749912223e+00,7.592313885688781738e-01
1.404134308870782277e+00,-1.668060329180486967e+00,7.599722445011138916e-01
1.374671383254793433e+00,-1.663312546312728735e+00,7.615554034709930420e-01
1.351230332701019776e+00,-1.633876443000235268e+00,7.713861167430877686e-01
1.526045498017187363e+00,-1.671147472653933486e+00,7.896651029586791992e-01
1.495323857988372751e+00,-1.671162100758832869e+00,7.896566689014434814e-01
1.465106690733111394e+00,-1.669783315679370883e+00,7.901510000228881836e-01
1.434817343171296944e+00,-1.668401291421627963e+00,7.906464636325836182e-01
1.404669666096611369e+00,-1.666320025732723753e+00,7.913942337036132812e-01
1.374968127382128369e+00,-1.662256197936970992e+00,7.928572595119476318e-01
1.353747064027867486e+00,-1.623974800277050878e+00,8.066657483577728271e-01
1.553184498719388351e+00,-1.605680916283158233e+00,8.457482755184173584e-01
1.491188679189498156e+00,-1.597551688877544063e+00,8.488914370536804199e-01
1.675465698302129658e+00,-2.064718907225136402e+00,4.153400659561157227e-03
1.642920339818601416e+00,-2.071909591230362224e+00,1.468655467033386230e-02
1.614041732701460896e+00,-2.075518529664269973e+00,2.311930060386657715e-02
1.590091465803696202e+00,-2.072428657415926079e+00,2.810773253440856934e-02
1.567412300874462927e+00,-2.068265297862177832e+00,3.242352604866027832e-02
1.547823446638878941e+00,-2.058995393620612457e+00,3.428086638450622559e-02
1.529416187064480681e+00,-2.047693165394043113e+00,3.517189621925354004e-02
1.513445014993451299e+00,-2.030942632726127073e+00,3.365591168403625488e-02
1.502052729665643405e+00,-2.002110606045071073e+00,2.700889110565185547e-02
1.499603903820053707e+00,-1.946571744789955760e+00,9.314954280853271484e-03
1.684762567645415654e+00,-2.050642803661206326e+00,2.155649662017822266e-02
1.645359869759908999e+00,-2.067993725949706985e+00,3.615221381187438965e-02
1.615780630502562154e+00,-2.072555667338721541e+00,4.449915885925292969e-02
1.591711229921539239e+00,-2.069494985047056979e+00,4.920274019241333008e-02
1.568840996300712165e+00,-2.065510399021947663e+00,5.334001779556274414e-02
1.549172051849886156e+00,-2.056222023789995745e+00,5.509063601493835449e-02
1.530962155822173987e+00,-2.044295838008402200e+00,5.568546056747436523e-02
1.514926401996768757e+00,-2.027456248714019971e+00,5.425497889518737793e-02
1.504322604668136387e+00,-1.996375187040227317e+00,4.715824127197265625e-02
1.503516779059972830e+00,-1.935926983100693999e+00,2.870643138885498047e-02
1.505644300501852051e+00,-1.859366340899233139e+00,4.597604274749755859e-03
1.690629687146390392e+00,-2.041759576769421436e+00,4.209926724433898926e-02
1.647825799970209726e+00,-2.064035484357004790e+00,5.784538388252258301e-02
1.617533594098880201e+00,-2.069568830294410855e+00,6.605133414268493652e-02
1.593343458657535905e+00,-2.066538741049586569e+00,7.046568393707275391e-02
1.570280045769859800e+00,-2.062735591772078436e+00,7.441192865371704102e-02
1.550413210172691070e+00,-2.053669631194349421e+00,7.614889740943908691e-02
1.532521476728888388e+00,-2.040869124702516579e+00,7.638216018676757812e-02
1.516930693099033167e+00,-2.022739185212217627e+00,7.458266615867614746e-02
1.506625117742822262e+00,-1.990557275237140544e+00,6.759414076805114746e-02
1.507526936724598698e+00,-1.925017485674866746e+00,4.857999086380004883e-02
1.509965681388254044e+00,-1.846668308474916254e+00,2.555236220359802246e-02
1.696635084918598935e+00,-2.032666997262656761e+00,6.312617659568786621e-02
1.650318003872165651e+00,-2.060035069728415102e+00,7.977023720741271973e-02
1.619301214356257734e+00,-2.066557045074587151e+00,8.777773380279541016e-02
1.594988761695444790e+00,-2.063558816492987891e+00,9.189829230308532715e-02
1.571729751931278951e+00,-2.059940207635552412e+00,9.564083814620971680e-02
1.551944081752418825e+00,-2.050521454183601655e+00,9.713894128799438477e-02
1.534094875216466924e+00,-2.037411555238792804e+00,9.726408123970031738e-02
1.518735771616167129e+00,-2.018490986402400544e+00,9.534081816673278809e-02
1.509519371759562301e+00,-1.983244174857923259e+00,8.783489465713500977e-02
1.511637984870369156e+00,-1.913833490127068160e+00,6.895402073860168457e-02
1.514403671605744739e+00,-1.833627524343538706e+00,4.707241058349609375e-02
1.517595641686295460e+00,-1.741067999361608942e+00,2.182045578956604004e-02
1.653648838324903725e+00,-2.054688517187799768e+00,1.014605760574340820e-01
1.621082689275020527e+00,-2.063521648764275795e+00,1.096810400485992432e-01
1.596647664162530456e+00,-2.060554262798847347e+00,1.135022938251495361e-01
1.573190742771836348e+00,-2.057123076712092047e+00,1.170281171798706055e-01
1.553488062144437132e+00,-2.047346327459371729e+00,1.183033585548400879e-01
1.535682715287848499e+00,-2.033922208238365226e+00,1.183334887027740479e-01
1.520560712047826168e+00,-2.014196035721073752e+00,1.163229346275329590e-01
1.512209547982678481e+00,-1.976446717178378609e+00,1.086444258689880371e-01
1.515853932677684757e+00,-1.902364116249502413e+00,8.984747529029846191e-02
1.518963296023961407e+00,-1.820229312448383929e+00,6.918066740036010742e-02
1.522560434020747699e+00,-1.725252455570667642e+00,4.528230428695678711e-02
1.656775697392796731e+00,-2.049669397425339934e+00,1.235939264297485352e-01
1.622878748672023530e+00,-2.060461399149391859e+00,1.317631304264068604e-01
1.598319471818540505e+00,-2.057526349249808373e+00,1.352804452180862427e-01
1.574662233050545312e+00,-2.054285698629057411e+00,1.385762542486190796e-01
1.555044933770673765e+00,-2.044144684642536625e+00,1.396447569131851196e-01
1.537284596848684348e+00,-2.030402052515568823e+00,1.395934820175170898e-01
1.522405477787793560e+00,-2.009854455107735305e+00,1.375330537557601929e-01
1.514944506881748421e+00,-1.969536162433290993e+00,1.297973096370697021e-01
1.520178740861861888e+00,-1.890598596751017713e+00,1.112805902957916260e-01
1.523649008245976155e+00,-1.806460584267412184e+00,9.190225601196289062e-02
1.527677424927903926e+00,-1.708952048815366220e+00,6.944337487220764160e-02
1.659944103989324127e+00,-2.044583551135777277e+00,1.460220962762832642e-01
1.626383312646309864e+00,-2.054490058159680110e+00,1.531827002763748169e-01
1.600004788417800139e+00,-2.054473962403916776e+00,1.572344303131103516e-01
1.576145285910416582e+00,-2.051426036244420548e+00,1.602863967418670654e-01
1.556614829652707366e+00,-2.040916252464334946e+00,1.611652821302413940e-01
1.539395385711168185e+00,-2.025763546572715956e+00,1.607508361339569092e-01
1.524270384373924259e+00,-2.005465436100163590e+00,1.589748561382293701e-01
1.521266541163992958e+00,-1.953561913746827639e+00,1.489499807357788086e-01
1.524617050708624966e+00,-1.878524285491322221e+00,1.332742869853973389e-01
1.528472343918239273e+00,-1.792287426169103970e+00,1.152582764625549316e-01
1.532950002808596057e+00,-1.692156025731802016e+00,9.433937072753906250e-02
1.667538920110382961e+00,-2.032392582791121782e+00,1.668758839368820190e-01
1.628746422714716813e+00,-2.050463621601879893e+00,1.754782348871231079e-01
1.601703783073296750e+00,-2.051396781556942273e+00,1.793664246797561646e-01
1.577550915983485513e+00,-2.048715676617629544e+00,1.822037845849990845e-01
1.558198027692561549e+00,-2.037660493410098361e+00,1.828671246767044067e-01
1.541347562566081963e+00,-2.021473581926218177e+00,1.822586059570312500e-01
1.528073282360151497e+00,-1.996515471672748010e+00,1.795726269483566284e-01
1.525481622702324014e+00,-1.942911464627623985e+00,1.702388972043991089e-01
1.529176650627028122e+00,-1.866119921156873973e+00,1.558488160371780396e-01
1.533432913260847963e+00,-1.777711039502730017e+00,1.392814368009567261e-01
1.538385041394657371e+00,-1.674842653758878974e+00,1.200045049190521240e-01
1.679422304065188332e+00,-2.013317711120651499e+00,1.868755221366882324e-01
1.632085768633237288e+00,-2.044773782022364816e+00,1.976377367973327637e-01
1.603439803195301661e+00,-2.048252579179522304e+00,2.016691118478775024e-01
1.579753076724894623e+00,-2.044469416880060564e+00,2.039403319358825684e-01
1.560321301576846897e+00,-2.033294071124425173e+00,2.045160382986068726e-01
1.543420426415596181e+00,-2.016918414419767380e+00,2.039551287889480591e-01
1.531208802382642897e+00,-1.989136161981021500e+00,2.010056972503662109e-01
1.529805392120539231e+00,-1.931986383505711391e+00,1.920602917671203613e-01
1.533860103070548320e+00,-1.853378690598328937e+00,1.790298074483871460e-01
1.538537238394676265e+00,-1.762712270220367028e+00,1.640003621578216553e-01
1.660411515430796126e+00,-2.043833272235581866e+00,2.181758135557174683e-01
1.613157744565633545e+00,-2.077024736211273037e+00,2.277342528104782104e-01
1.587589669670607107e+00,-2.076959824619609485e+00,2.304145097732543945e-01
1.566192047961802780e+00,-2.070618196307319803e+00,2.317884415388107300e-01
1.548483074335129217e+00,-2.057638885697013365e+00,2.318568080663681030e-01
1.531643184534533075e+00,-2.042799230844662972e+00,2.315766215324401855e-01
1.518253912277220508e+00,-2.019625047918483407e+00,2.297813296318054199e-01
1.504520264460049273e+00,-1.995875706883321277e+00,2.279427498579025269e-01
1.509203654630650426e+00,-1.920455998559089439e+00,2.170242518186569214e-01
1.543791062910407019e+00,-1.747274217964578824e+00,1.894460022449493408e-01
1.661906348944909517e+00,-2.085248714725152830e+00,2.470128983259201050e-01
1.629663834326974703e+00,-2.093188546084810309e+00,2.508111372590065002e-01
1.599014031322564477e+00,-2.101123815130032213e+00,2.544670924544334412e-01
1.577822675295391663e+00,-2.094649502888149328e+00,2.555957660079002380e-01
1.557024527249944557e+00,-2.088295288369153457e+00,2.567034959793090820e-01
1.536358241797872282e+00,-2.082573086586570366e+00,2.578734084963798523e-01
1.520549501349850452e+00,-2.067177875479235372e+00,2.574795559048652649e-01
1.504634116956974355e+00,-2.051678680834679191e+00,2.570830360054969788e-01
1.492498948755449195e+00,-2.026250678109621894e+00,2.551887035369873047e-01
1.480120962035829324e+00,-1.999574631704577055e+00,2.531699910759925842e-01
1.480598660753366769e+00,-1.932961619049216706e+00,2.453356832265853882e-01
1.696286604181448388e+00,-2.076660356889656889e+00,2.669566273689270020e-01
1.646062813791718149e+00,-2.109236933029575045e+00,2.737314254045486450e-01
1.615304195214722016e+00,-2.116238219587815550e+00,2.766411900520324707e-01
1.589117669836686009e+00,-2.117985954239800517e+00,2.787152603268623352e-01
1.568513142536089866e+00,-2.111510630344514361e+00,2.795958891510963440e-01
1.548281780066550040e+00,-2.105153335931743364e+00,2.804606482386589050e-01
1.529642982190885236e+00,-2.096382720996157190e+00,2.809784710407257080e-01
1.514111796784914699e+00,-2.081324887704016469e+00,2.806683033704757690e-01
1.498477545741547567e+00,-2.066167965415731445e+00,2.803561612963676453e-01
1.482740313580668268e+00,-2.050908348548222015e+00,2.800416871905326843e-01
1.471756059840792830e+00,-2.022331051422627812e+00,2.781065851449966431e-01
1.462201062518756478e+00,-1.987022019985712262e+00,2.754231467843055725e-01
1.730754905642187591e+00,-2.070437464013528128e+00,2.885493859648704529e-01
1.662408012890010722e+00,-2.125097380734700003e+00,2.964888662099838257e-01
1.633159238542365665e+00,-2.128773840245124838e+00,2.984190285205841064e-01
1.605312999650724937e+00,-2.132275801524025738e+00,3.002567663788795471e-01
1.581563675483263376e+00,-2.130857028247742146e+00,3.014961928129196167e-01
1.561020635093204989e+00,-2.125080828558988166e+00,3.022296875715255737e-01
1.540883297648051542e+00,-2.119419329172447686e+00,3.029487431049346924e-01
1.523141261397171764e+00,-2.109753264585755961e+00,3.032340481877326965e-01
1.507914606726143525e+00,-2.094943386723300716e+00,3.029940202832221985e-01
1.492552518470529277e+00,-2.080112324862239515e+00,3.027600869536399841e-01
1.477435962991849872e+00,-2.064311163115462922e+00,3.024400323629379272e-01
1.465188082899463673e+00,-2.040199076629734876e+00,3.013388812541961670e-01
1.454342824741881701e+00,-2.010113007649087624e+00,2.997136190533638000e-01
1.444318623583191741e+00,-1.974494689738750752e+00,2.976300567388534546e-01
1.700419510697234182e+00,-2.111432978315526121e+00,3.166543953120708466e-01
1.654943761298751426e+00,-2.135769192961364915e+00,3.197879642248153687e-01
1.626320348684600292e+00,-2.139128389913044881e+00,3.211244866251945496e-01
1.599047021301514881e+00,-2.142333772370662803e+00,3.223982080817222595e-01
1.576827159283413771e+00,-2.138927457224088613e+00,3.231159672141075134e-01
1.556571366314902782e+00,-2.133139206615461081e+00,3.236276283860206604e-01
1.536711812188556570e+00,-2.127462874367564094e+00,3.241292163729667664e-01
1.519765510497066430e+00,-2.116695298288852278e+00,3.242422565817832947e-01
1.503611296130376029e+00,-2.104399975309890536e+00,3.242420256137847900e-01
1.487456636293094991e+00,-2.092105287037745232e+00,3.242418467998504639e-01
1.472896346523249189e+00,-2.075781653352362532e+00,3.239629492163658142e-01
1.460771265681627629e+00,-2.052214919791996994e+00,3.232004418969154358e-01
1.448277023517068995e+00,-2.027936958004272316e+00,3.224150575697422028e-01
1.438825391335442738e+00,-1.991993564970256481e+00,3.208863511681556702e-01
1.438496291018796835e+00,-1.920297220047474829e+00,3.170876801013946533e-01
1.688507495200210595e+00,-2.127530980077724010e+00,3.407924920320510864e-01
1.647707047591893126e+00,-2.146115697006463652e+00,3.423756733536720276e-01
1.619683635771985486e+00,-2.149176831858047532e+00,3.431535102427005768e-01
1.592575217372483642e+00,-2.152722112221198358e+00,3.439245801419019699e-01
1.572201703367343883e+00,-2.146808642871115502e+00,3.442304432392120361e-01
1.552225997711644823e+00,-2.141009409481545944e+00,3.445302899926900864e-01
1.532635932765709974e+00,-2.135322119571866573e+00,3.448243513703346252e-01
1.516455497003943886e+00,-2.123502206261988601e+00,3.448400143533945084e-01
1.500459051466502380e+00,-2.111327146823665846e+00,3.448398839682340622e-01
1.484461421623338273e+00,-2.099154406818983798e+00,3.448398523032665253e-01
1.470040518019510412e+00,-2.082997640810984041e+00,3.446744587272405624e-01
1.456691029342449983e+00,-2.063315033022280254e+00,3.443705830723047256e-01
1.444126678933209451e+00,-2.040132554626857164e+00,3.439359962940216064e-01
1.433956031039652190e+00,-2.007505067919044262e+00,3.431420065462589264e-01
1.427703127666707372e+00,-1.957727786696146222e+00,3.417058326303958893e-01
1.724628801800237365e+00,-2.118354544237518233e+00,3.632029872387647629e-01
1.677135961271976061e+00,-2.142898573291428743e+00,3.638482233509421349e-01
1.640688396239129432e+00,-2.156150429500730326e+00,3.642840189859271049e-01
1.613472281132124930e+00,-2.158581256130932768e+00,3.645300613716244698e-01
1.588057588123356956e+00,-2.159973678958978738e+00,3.647504858672618866e-01
1.567752612034834403e+00,-2.154389321245528510e+00,3.648553825914859772e-01
1.547979996483577203e+00,-2.148699597200405709e+00,3.649548524990677834e-01
1.529051907474098915e+00,-2.142232934951570300e+00,3.650392275303602219e-01
1.513208875509288731e+00,-2.130178719922178221e+00,3.650392275303602219e-01
1.497365843544478103e+00,-2.118124504892786586e+00,3.650392265990376472e-01
1.481523078137631177e+00,-2.106069668821846541e+00,3.650392172858119011e-01
1.467625713641766527e+00,-2.089099276465939070e+00,3.649712000042200089e-01
1.454365778087278960e+00,-2.069640813204452368e+00,3.648715661838650703e-01
1.440838445284583269e+00,-2.049794806322140950e+00,3.647699756547808647e-01
1.430828858160066552e+00,-2.017466766839490333e+00,3.645071964710950851e-01
1.422662464110637570e+00,-1.975208879273023799e+00,3.641239143908023834e-01
1.713788430010095620e+00,-2.132213961231389732e+00,3.865478690713644028e-01
1.670932972161089936e+00,-2.151281343850674599e+00,3.859983719885349274e-01
1.637952649344132539e+00,-2.160061784764157444e+00,3.856381624937057495e-01
1.611178650234378340e+00,-2.162053975674903761e+00,3.854003539308905602e-01
1.586301861446296479e+00,-2.162791920520537481e+00,3.851912319660186768e-01
1.566101444095874928e+00,-2.157202709138215546e+00,3.850872274488210678e-01
1.546308828673301772e+00,-2.151726349872020272e+00,3.849853239953517914e-01
1.527069159417176802e+00,-2.146056106961282239e+00,3.848899556323885918e-01
1.510890129513823732e+00,-2.134947124934754914e+00,3.848771844059228897e-01
1.494753059336037637e+00,-2.123866173504949995e+00,3.848644550889730453e-01
1.478657480210299857e+00,-2.112813794828952041e+00,3.848517583683133125e-01
1.465251167165394053e+00,-2.095099126824794045e+00,3.849316658452153206e-01
1.452078554751575989e+00,-2.075863186298298135e+00,3.850296391174197197e-01
1.438643360322880760e+00,-2.056245013540513256e+00,3.851295551285147667e-01
1.428247714765779719e+00,-2.025689089062021608e+00,3.853703727945685387e-01
1.418576292346664047e+00,-1.989379769668623288e+00,3.856782326474785805e-01
1.419823098824060992e+00,-1.907182622957419582e+00,3.865623949095606804e-01
1.709551953508614552e+00,-2.137630296927734097e+00,4.093820564448833466e-01
1.667222513242462956e+00,-2.156295693436546923e+00,4.077591709792613983e-01
1.635488889556941494e+00,-2.163584286725827255e+00,4.067564085125923157e-01
1.608909216255267838e+00,-2.165490057157825277e+00,4.060504622757434845e-01
1.584561137148431609e+00,-2.165586076112947733e+00,4.054564163088798523e-01
1.564464305860721938e+00,-2.159992169747611435e+00,4.051470756530761719e-01
1.544773685316773282e+00,-2.154506759221322287e+00,4.048441313207149506e-01
1.525821407092627702e+00,-2.148462079373380629e+00,4.045769497752189636e-01
1.509702482986481575e+00,-2.137389467045217373e+00,4.045389406383037567e-01
1.493624919999648082e+00,-2.126345253715457684e+00,4.045010264962911606e-01
1.477588890333957572e+00,-2.115328671655706039e+00,4.044632371515035629e-01
1.464109010444124781e+00,-2.097985085506709257e+00,4.046893343329429626e-01
1.450466072406884521e+00,-2.080249833705000828e+00,4.049239680171012878e-01
1.436605854953949990e+00,-2.062232127348510247e+00,4.051623344421386719e-01
1.426519569722203284e+00,-2.031194154436082755e+00,4.059076718986034393e-01
1.415863574554520055e+00,-1.998787343486645440e+00,4.066828489303588867e-01
1.419869019292318013e+00,-1.907008377928345544e+00,4.097079411149024963e-01
1.775505663131282663e+00,-2.093763457277061146e+00,4.373085275292396545e-01
1.705382317388776769e+00,-2.142961178104758169e+00,4.318559914827346802e-01
1.663567792392603106e+00,-2.161234715415906837e+00,4.291928634047508240e-01
1.633051148550668907e+00,-2.167069589506728899e+00,4.276481196284294128e-01
1.606664705017317285e+00,-2.168888405117953333e+00,4.264839850366115570e-01
1.582835324743834482e+00,-2.168356301576899181e+00,4.255482852458953857e-01
1.562843332385424056e+00,-2.162754084836675972e+00,4.250374063849449158e-01
1.543251380895783287e+00,-2.157263908098092209e+00,4.245367459952831268e-01
1.524582885858820402e+00,-2.150850209907633648e+00,4.241225495934486389e-01
1.508523398305228858e+00,-2.139814207038373439e+00,4.240596555173397064e-01
1.492505217724682920e+00,-2.128805813012980330e+00,4.239969588816165924e-01
1.476527922879133925e+00,-2.117825606079948297e+00,4.239344261586666107e-01
1.463222303366360499e+00,-2.100225523160301311e+00,4.243319444358348846e-01
1.449615442557621314e+00,-2.082563931477558583e+00,4.247205331921577454e-01
1.435792588257257085e+00,-2.064621837283302952e+00,4.251153022050857544e-01
1.425323009637720517e+00,-2.035005848596956213e+00,4.262664206326007843e-01
1.414083936528327534e+00,-2.004959122440267638e+00,4.274093098938465118e-01
1.419878029533095720e+00,-1.906974190540716707e+00,4.328534379601478577e-01
1.667498941912730182e+00,-2.155922127929412291e+00,4.514909163117408752e-01
1.633551688096677834e+00,-2.166353953077899686e+00,4.487918019294738770e-01
1.605598679953026631e+00,-2.170502440382897635e+00,4.468998834490776062e-01
1.581974796313686982e+00,-2.169737606264460439e+00,4.456188753247261047e-01
1.561537571212489706e+00,-2.164978936783318986e+00,4.448156356811523438e-01
1.541539716417735795e+00,-2.160364028713368079e+00,4.440265670418739319e-01
1.523488069885118534e+00,-2.152961291971247970e+00,4.435552433133125305e-01
1.507424357552261007e+00,-2.142074337665216710e+00,4.434558525681495667e-01
1.491402062690651009e+00,-2.131230055419873537e+00,4.433556348085403442e-01
1.475426843874585892e+00,-2.120416947580370692e+00,4.432557672262191772e-01
1.462412567962502852e+00,-2.102271527185116007e+00,4.438693821430206299e-01
1.449143078542813212e+00,-2.083848942423732975e+00,4.444891735911369324e-01
1.435632636982503652e+00,-2.065091739200606291e+00,4.451202228665351868e-01
1.425918273013327076e+00,-2.033109577248886968e+00,4.469506740570068359e-01
1.415712439564147829e+00,-1.999311512080552911e+00,4.488884657621383667e-01
1.517932879395518908e+00,-1.534952577383844385e+00,4.892428815364837646e-01
1.801563814777985328e+00,-1.689416617501608764e+00,5.277559161186218262e-01
1.758985313196462119e+00,-1.698868179946893875e+00,5.237509608268737793e-01
1.724276567150569983e+00,-1.696126981224818309e+00,5.214859396219253540e-01
1.691376532779099273e+00,-1.691781096174437060e+00,5.195061862468719482e-01
1.659621068600513949e+00,-1.686922437018366416e+00,5.176588445901870728e-01
1.628667852641586755e+00,-1.682184802023281467e+00,5.158583521842956543e-01
1.598486245926726612e+00,-1.677564951492105383e+00,5.141027718782424927e-01
1.569047640932035304e+00,-1.673058944491850442e+00,5.123903900384902954e-01
1.540244067782513104e+00,-1.668920314458226306e+00,5.106891095638275146e-01
1.512693188712410430e+00,-1.662982082921807381e+00,5.092512667179107666e-01
1.486763456822210783e+00,-1.653209561752731371e+00,5.082984119653701782e-01
1.790750634953989895e+00,-1.709001156075626637e+00,5.584500432014465332e-01
1.752407247617074892e+00,-1.711552261304578826e+00,5.547391623258590698e-01
1.717324235255027531e+00,-1.710424158551853147e+00,5.517488121986389160e-01
1.683743106285464197e+00,-1.708555739777802840e+00,5.489787012338638306e-01
1.651329062890243060e+00,-1.706437335749674267e+00,5.463417023420333862e-01
1.620275884096565200e+00,-1.703389235451198136e+00,5.439345687627792358e-01
1.589997125659213140e+00,-1.700659382325201197e+00,5.415591448545455933e-01
1.561047313728165742e+00,-1.696567516075777604e+00,5.394612997770309448e-01
1.532817699484741780e+00,-1.692577235754496368e+00,5.374156683683395386e-01
1.505341400693757770e+00,-1.688477967379164557e+00,5.354498326778411865e-01
1.478621200832468396e+00,-1.684101515899433910e+00,5.335837155580520630e-01
1.790747954923147089e+00,-1.709006007372909419e+00,5.918049514293670654e-01
1.752408915029218583e+00,-1.711549036216569064e+00,5.874209403991699219e-01
1.717324247113894975e+00,-1.710424167574705612e+00,5.838862508535385132e-01
1.683742404056549180e+00,-1.708557302565129499e+00,5.806121975183486938e-01
1.651329062890243060e+00,-1.706437335749674267e+00,5.774960368871688843e-01
1.620276490424925608e+00,-1.703387749489106984e+00,5.746515244245529175e-01
1.589998243444993742e+00,-1.700656338218199393e+00,5.718444734811782837e-01
1.561048335613391957e+00,-1.696564548794011085e+00,5.693651884794235229e-01
1.532818625469413387e+00,-1.692574345297965355e+00,5.669475942850112915e-01
1.505342646334741019e+00,-1.688473672428193906e+00,5.646245628595352173e-01
1.478622694976557739e+00,-1.684095762316909273e+00,5.624193549156188965e-01
1.790744405609629997e+00,-1.709012444145640019e+00,6.251591444015502930e-01
1.752413046953360976e+00,-1.711541095436042603e+00,6.201039105653762817e-01
1.717324247113894975e+00,-1.710424167574705612e+00,6.160236746072769165e-01
1.683743106285464197e+00,-1.708555739777802840e+00,6.122462600469589233e-01
1.651329692936338578e+00,-1.706435867833288045e+00,6.086506694555282593e-01
1.620277073035550908e+00,-1.703386245481310901e+00,6.053685247898101807e-01
1.589999336483425063e+00,-1.700653425073547664e+00,6.021299064159393311e-01
1.561049357498617951e+00,-1.696561581512245009e+00,5.992691963911056519e-01
1.532819039996665023e+00,-1.692573012986344994e+00,5.964793264865875244e-01
1.505343891975723825e+00,-1.688469377477223476e+00,5.937994867563247681e-01
1.478623845746600551e+00,-1.684091395183119566e+00,5.912550389766693115e-01
1.790740735648209236e+00,-1.709019088705955980e+00,6.585129499435424805e-01
1.752412201388421575e+00,-1.711542698957195130e+00,6.527849733829498291e-01
1.717324247113894975e+00,-1.710424167574705612e+00,6.481610834598541260e-01
1.683743106285464197e+00,-1.708555739777802840e+00,6.438800394535064697e-01
1.651330371447518264e+00,-1.706434287000256678e+00,6.398054361343383789e-01
1.620277679363911316e+00,-1.703384759519219749e+00,6.360856592655181885e-01
1.590000454269205665e+00,-1.700650380966545860e+00,6.324155628681182861e-01
1.561050355666109279e+00,-1.696558596184773782e+00,6.291733980178833008e-01
1.532820430003286827e+00,-1.692568528293494134e+00,6.260118782520294189e-01
1.505345162364056355e+00,-1.688464951563902972e+00,6.229746788740158081e-01
1.478625363608424781e+00,-1.684085659646299638e+00,6.200912445783615112e-01
1.790737102293005201e+00,-1.709025611326774330e+00,6.918663680553436279e-01
1.752411295499530564e+00,-1.711544406372140115e+00,6.854659020900726318e-01
1.717324247113894975e+00,-1.710424167574705612e+00,6.802984774112701416e-01
1.683743808514378770e+00,-1.708554176990476181e+00,6.755141913890838623e-01
1.651331001493613782e+00,-1.706432819083870234e+00,6.709601879119873047e-01
1.620278213509452447e+00,-1.703383368428068811e+00,6.668027639389038086e-01
1.590001572054986267e+00,-1.700647336859544057e+00,6.627013385295867920e-01
1.561051329086251105e+00,-1.696555741819652630e+00,6.590776741504669189e-01
1.532821355987958878e+00,-1.692565637836963122e+00,6.555442214012145996e-01
1.505346408005039383e+00,-1.688460656612932542e+00,6.521500647068023682e-01
1.478626489631118535e+00,-1.684081423474859784e+00,6.489273607730865479e-01
1.790734434121030283e+00,-1.709030471646909799e+00,7.252199053764343262e-01
1.752410401469506773e+00,-1.711546122809937565e+00,7.181466817855834961e-01
1.717323376801606294e+00,-1.710425902058207992e+00,7.124353945255279541e-01
1.683743808514378770e+00,-1.708554176990476181e+00,7.071479856967926025e-01
1.651331656287058580e+00,-1.706431220205133936e+00,7.021150887012481689e-01
1.620279450913522545e+00,-1.703380265541536431e+00,6.975204646587371826e-01
1.590002641375682479e+00,-1.700644405669187398e+00,6.929872334003448486e-01
1.561051864261406408e+00,-1.696554201720446908e+00,6.889817416667938232e-01
1.532822745994580682e+00,-1.692561153144112041e+00,6.850771605968475342e-01
1.505347678393371913e+00,-1.688456230699612037e+00,6.813256740570068359e-01
1.478627640401161347e+00,-1.684077056341069856e+00,6.777637004852294922e-01
1.790730812624693691e+00,-1.709037003290580614e+00,7.585726082324981689e-01
1.752409688411338484e+00,-1.711547527566356974e+00,7.508275508880615234e-01
1.717323376801606294e+00,-1.710425902058207992e+00,7.445727586746215820e-01
1.683743760049294602e+00,-1.708554289907121326e+00,7.387818098068237305e-01
1.651332310050888985e+00,-1.706429770334452423e+00,7.332700490951538086e-01
1.620280033524147845e+00,-1.703378761533740571e+00,7.282378673553466797e-01
1.590003710696378914e+00,-1.700641474478830961e+00,7.232733368873596191e-01
1.561053349138968427e+00,-1.696549789210415105e+00,7.188867926597595215e-01
1.532823623514168121e+00,-1.692558375604226395e+00,7.146098315715789795e-01
1.505349755148086555e+00,-1.688448973109291318e+00,7.105023860931396484e-01
1.478629158262985577e+00,-1.684071320804249927e+00,7.066007256507873535e-01
1.791277385780932985e+00,-1.708047072339719419e+00,7.923010885715484619e-01
1.752409688411338484e+00,-1.711547527566356974e+00,7.835088372230529785e-01
1.717324174931075476e+00,-1.710424262445645827e+00,7.767107784748077393e-01
1.683744485995944506e+00,-1.708552745165499598e+00,7.704162299633026123e-01
1.651332867914165226e+00,-1.706428397289006416e+00,7.644251585006713867e-01
1.620280591387424085e+00,-1.703377388488294564e+00,7.589553594589233398e-01
1.590004293307004435e+00,-1.700639970471034879e+00,7.535591423511505127e-01
1.561054394741929752e+00,-1.696546839974353738e+00,7.487916052341461182e-01
1.532824597963924118e+00,-1.692555372231050459e+00,7.441427409648895264e-01
1.505350218140422358e+00,-1.688447527881026033e+00,7.396776080131530762e-01
1.478628031210677873e+00,-1.684075705983744786e+00,7.354348003864288330e-01
1.721972671621586848e+00,-1.700864818548854185e+00,8.126082718372344971e-01
1.685836476050304622e+00,-1.703955508721163525e+00,8.038269579410552979e-01
1.652028360260040740e+00,-1.704791580362909897e+00,7.962015867233276367e-01
1.620281756608674906e+00,-1.703374380472702398e+00,7.896734476089477539e-01
1.590005338909965538e+00,-1.700637021234973512e+00,7.838455140590667725e-01
1.561055368162071577e+00,-1.696543985609232585e+00,7.786965370178222656e-01
1.532825963223196641e+00,-1.692551018500549231e+00,7.736762762069702148e-01
1.505351024506804691e+00,-1.688444696204025597e+00,7.688533663749694824e-01
1.478629525354766994e+00,-1.684069952401220149e+00,7.642721235752105713e-01
1.679213370978732911e+00,-1.640812650737343947e+00,8.535103797912597656e-01
1.646283462242001283e+00,-1.637674422577402922e+00,8.467517793178558350e-01
1.599616741914764440e+00,-1.674489472232704168e+00,8.244493603706359863e-01
1.564231436797848929e+00,-1.687211015555980076e+00,8.122238516807556152e-01
1.534567821698258117e+00,-1.687002237423657514e+00,8.053282499313354492e-01
1.505954439475214457e+00,-1.686352108991781007e+00,7.988151013851165771e-01
1.478854511212593037e+00,-1.683216410280238939e+00,7.934236228466033936e-01
-5.379092035534238647e-02,-2.381947380197928954e+00,1.195073127746582031e-05
-5.670412684944747816e-02,-2.414725436181440532e+00,2.611309289932250977e-03
-3.859686943854967467e-02,-2.210941235113261794e+00,1.753288507461547852e-02
-4.172503957542605946e-02,-2.246123254591434470e+00,2.009931206703186035e-02
-4.480733469124908996e-02,-2.280804649640062465e+00,2.262961864471435547e-02
-4.784731869539760041e-02,-2.314994061310754692e+00,2.512359619140625000e-02
-5.084447161251637315e-02,-2.348702933834443396e+00,2.758255600929260254e-02
-5.379858123289171790e-02,-2.381942134819022172e+00,3.000766038894653320e-02
-5.671176109700226675e-02,-2.414720483110847304e+00,3.239908814430236816e-02
-9.868330226262878035e-02,-2.423036548519644562e+00,2.100723981857299805e-02
-1.677363515850545106e-01,-2.417905245739145226e+00,4.058778285980224609e-04
-3.860589130366931521e-02,-2.210933324381842091e+00,4.861322045326232910e-02
-4.173278780669975596e-02,-2.246116783540205830e+00,5.095696449279785156e-02
-4.481635121201399397e-02,-2.280797464622939863e+00,5.326685309410095215e-02
-4.785502324980894784e-02,-2.314988203095686536e+00,5.554443597793579102e-02
-5.085215912006013639e-02,-2.348697396147223060e+00,5.778959393501281738e-02
-5.380613881543194754e-02,-2.381936955992156602e+00,6.000387668609619141e-02
-5.671939534455716636e-02,-2.414715530040253633e+00,6.218737363815307617e-02
-9.872569790707030890e-02,-2.423010505961575856e+00,5.177497863769531250e-02
-1.677843213822329815e-01,-2.417877451876120354e+00,3.296339511871337891e-02
-2.453782357747271714e-01,-2.412109939940263459e+00,1.182672381401062012e-02
-3.861374071056644652e-02,-2.210926409811656335e+00,7.969453930854797363e-02
-4.174052645484682689e-02,-2.246110284269443369e+00,8.181512355804443359e-02
-4.482417610830236043e-02,-2.280791219327983121e+00,8.390501141548156738e-02
-4.786403230683311527e-02,-2.314981366825945575e+00,8.596536517143249512e-02
-5.085984662760389963e-02,-2.348691858460002724e+00,8.799713850021362305e-02
-5.381390298799038074e-02,-2.381931644061208164e+00,9.000051021575927734e-02
-5.672568675699196650e-02,-2.414711442146197484e+00,9.197652339935302734e-02
-9.876810313463879609e-02,-2.422984491623040970e+00,8.254531025886535645e-02
-1.678322911794114525e-01,-2.417849658013095038e+00,6.552380323410034180e-02
-2.454328339603741860e-01,-2.412080162657852522e+00,4.639843106269836426e-02
-3.332568075028241594e-01,-2.405550552354096094e+00,2.475339174270629883e-02
-3.862150598870794926e-02,-2.210919618232580319e+00,1.107763648033142090e-01
-4.174964415123505468e-02,-2.246102655733363651e+00,1.126733720302581787e-01
-4.483180399769925994e-02,-2.280785135356643067e+00,1.145437061786651611e-01
-4.787184015625378652e-02,-2.314975442058836208e+00,1.163871586322784424e-01
-5.086752455202103729e-02,-2.348686292553248123e+00,1.182051002979278564e-01
-5.382033390855600619e-02,-2.381927225526331515e+00,1.199979484081268311e-01
-5.673331142142001848e-02,-2.414706460856069992e+00,1.217656433582305908e-01
-9.881049877908032464e-02,-2.422958449064972264e+00,1.133182048797607422e-01
-1.678803642715991362e-01,-2.417821797598028954e+00,9.808707237243652344e-02
-2.454875354410306354e-01,-2.412050318823399930e+00,8.097332715988159180e-02
-3.333194365302065698e-01,-2.405518472759880844e+00,6.160485744476318359e-02
-4.825635950519644446e-01,-2.374561812600119559e+00,2.724349498748779297e-02
-3.863062156571006600e-02,-2.210911612729585585e+00,1.418583840131759644e-01
-4.175748609439122738e-02,-2.246096089910559535e+00,1.435325443744659424e-01
-4.484081093533731632e-02,-2.280777922119986201e+00,1.451825797557830811e-01
-4.787934770377377802e-02,-2.314969745167385184e+00,1.468095183372497559e-01
-5.087399168570794217e-02,-2.348681609929592184e+00,1.484138667583465576e-01
-5.382789149109623583e-02,-2.381922046699465945e+00,1.499955505132675171e-01
-5.673970612886414244e-02,-2.414702306409972632e+00,1.515555828809738159e-01
-9.885435013677756899e-02,-2.422931502997859088e+00,1.440933644771575928e-01
-1.679282307737681723e-01,-2.417794070287045294e+00,1.306533217430114746e-01
-2.455421336266776500e-01,-2.412020541540988994e+00,1.155515611171722412e-01
-3.333821784357249296e-01,-2.405486354833158202e+00,9.846001863479614258e-02
-4.826440375392020421e-01,-2.374523243063761946e+00,6.813743710517883301e-02
-3.863837726072472112e-02,-2.210904792930975304e+00,1.729412823915481567e-01
-4.176523432566481286e-02,-2.246089618859330894e+00,1.743922382593154907e-01
-4.484863583162557177e-02,-2.280771676825029903e+00,1.758222728967666626e-01
-4.788585105058218439e-02,-2.314964798454949957e+00,1.772325783967971802e-01
-5.088167919325170541e-02,-2.348676072242371848e+00,1.786227822303771973e-01
-5.383432241166163923e-02,-2.381917628164589296e+00,1.799938529729843140e-01
-5.674734037641904205e-02,-2.414697353339379404e+00,1.813456416130065918e-01
-9.889685865935526898e-02,-2.422905422107282991e+00,1.748714745044708252e-01
-1.679760924843742842e-01,-2.417766328866294945e+00,1.632224619388580322e-01
-2.455967318123248866e-01,-2.411990764258577613e+00,1.501330584287643433e-01
-3.334448074631073400e-01,-2.405454275238942508e+00,1.353189498186111450e-01
-4.827218811571334367e-01,-2.374485918032221754e+00,1.090365648269653320e-01
-3.864623625074847801e-02,-2.210897906580323813e+00,2.040246725082397461e-01
-4.177297297381188379e-02,-2.246083119588567989e+00,2.052524387836456299e-01
-4.485508167967311444e-02,-2.280766560795390419e+00,2.064627259969711304e-01
-4.789365890000296666e-02,-2.314958873687840590e+00,2.076558321714401245e-01
-5.088805261505635613e-02,-2.348671484390290942e+00,2.088324129581451416e-01
-5.384198328921097065e-02,-2.381912382785682070e+00,2.099923342466354370e-01
-5.675363178885406423e-02,-2.414693265445323256e+00,2.111364156007766724e-01
-9.893915100878780677e-02,-2.422879446101255496e+00,2.056522220373153687e-01
-1.680242784546979173e-01,-2.417738430118721027e+00,1.957944482564926147e-01
-2.456513347895352695e-01,-2.411961001085933365e+00,1.847178190946578979e-01
-3.335074364904897504e-01,-2.405422195644727257e+00,1.721815764904022217e-01
-4.828022155577984531e-01,-2.374447400938138664e+00,1.499398499727249146e-01
-3.865400152889009178e-02,-2.210891115001247798e+00,2.351085841655731201e-01
-4.178072120508580234e-02,-2.246076648537339793e+00,2.361131459474563599e-01
-4.486151794459369846e-02,-2.280761416546216669e+00,2.371035665273666382e-01
-4.790005895180204920e-02,-2.314953993527446130e+00,2.380797713994979858e-01
-5.089562724446416997e-02,-2.348665985035577997e+00,2.390422672033309937e-01
-5.384831091476749432e-02,-2.381908030802846632e+00,2.399914860725402832e-01
-5.676126603640863078e-02,-2.414688312374729584e+00,2.409273684024810791e-01
-9.898164994823854812e-02,-2.422853336991145579e+00,2.364355176687240601e-01
-1.680739297214042249e-01,-2.417709656081636904e+00,2.283691465854644775e-01
-2.457059281836191378e-01,-2.411931209693755296e+00,2.193058580160140991e-01
-3.335701783960083322e-01,-2.405390077718004616e+00,2.090479135513305664e-01
-4.828827757147355904e-01,-2.374408807179040792e+00,1.908478587865829468e-01
-3.866186051891407072e-02,-2.210884228650596306e+00,2.661930099129676819e-01
-4.178718410000081818e-02,-2.246071211979852489e+00,2.669744938611984253e-01
-4.486923954587285213e-02,-2.280755237803301583e+00,2.677446827292442322e-01
-4.790756649932204070e-02,-2.314948296635995106e+00,2.685039788484573364e-01
-5.090210396127803349e-02,-2.348661330631455879e+00,2.692527174949645996e-01
-5.385597179231682574e-02,-2.381902785423939850e+00,2.699908763170242310e-01
-5.676766074385297678e-02,-2.414684157928632224e+00,2.707189321517944336e-01
-9.902414888768906742e-02,-2.422827227881035661e+00,2.672214135527610779e-01
-1.681217914320101148e-01,-2.417681914660886111e+00,2.609470486640930176e-01
-2.457625464732020593e-01,-2.411900337239762493e+00,2.538969367742538452e-01
-3.336348466935803447e-01,-2.405356959391276028e+00,2.459177672863006592e-01
-4.829631101154008288e-01,-2.374370290084957702e+00,2.317606210708618164e-01
-3.866823716568756897e-02,-2.210878538117303282e+00,2.972780540585517883e-01
-4.179493233127451468e-02,-2.246064740928623849e+00,2.978361621499061584e-01
-4.487567581079354717e-02,-2.280750093554127389e+00,2.983864098787307739e-01
-4.791406984613044706e-02,-2.314943349923559879e+00,2.989287674427032471e-01
-5.090978188569517116e-02,-2.348655764724701278e+00,2.994634881615638733e-01
-5.386230900099997498e-02,-2.381898461660638233e+00,2.999908626079559326e-01
-5.677519169639855257e-02,-2.414679271410080208e+00,3.005108162760734558e-01
-9.906654453213081801e-02,-2.422801185322966955e+00,2.980099245905876160e-01
-1.681697612291885857e-01,-2.417654120797861239e+00,2.935278490185737610e-01
-2.458170365722764927e-01,-2.411870612399625635e+00,2.884915992617607117e-01
-3.336996230777251604e-01,-2.405323788622272474e+00,2.827914580702781677e-01
-4.830435526026386484e-01,-2.374331720548600089e+00,2.726781070232391357e-01
-3.867590873194681755e-02,-2.210871841309802299e+00,3.283634632825851440e-01
-4.180140480931637814e-02,-2.246059332590670810e+00,3.286983892321586609e-01
-4.488330370019022464e-02,-2.280744009582787779e+00,3.290284834802150726e-01
-4.792187769555111831e-02,-2.314937425156450512e+00,3.293538950383663177e-01
-5.091615530749948881e-02,-2.348651176872620816e+00,3.296748064458370209e-01
-5.386996029542245878e-02,-2.381893188062197630e+00,3.299911655485630035e-01
-5.678158640384267652e-02,-2.414675116963982848e+00,3.303032033145427704e-01
-9.910905305470829596e-02,-2.422775104432390858e+00,3.288010135293006897e-01
-1.682177310263670567e-01,-2.417626326934836367e+00,3.261115401983261108e-01
-2.458717380529327201e-01,-2.411840768565173043e+00,3.230895064771175385e-01
-3.337641832887245918e-01,-2.405290722737818410e+00,3.196690045297145844e-01
-4.831241031764488270e-01,-2.374293098569968397e+00,3.136003091931343079e-01
-3.868250155186570005e-02,-2.210866045891960674e+00,3.594493977725505829e-01
-4.180914345746344907e-02,-2.246052833319907904e+00,3.595610233023762703e-01
-4.488984326011991044e-02,-2.280738798781572818e+00,3.596710776910185814e-01
-4.792818403546794670e-02,-2.314932639767631528e+00,3.597795534878969193e-01
-5.092251914617740294e-02,-2.348646560801005645e+00,3.598865233361721039e-01
-5.387640079911493185e-02,-2.381888797746854802e+00,3.599919788539409637e-01
-5.678922065139757613e-02,-2.414670163893389621e+00,3.600959740579128265e-01
-9.915134540414083375e-02,-2.422749128426363363e+00,3.595947157591581345e-01
-1.682658041185547404e-01,-2.417598466519770284e+00,3.586981426924467087e-01
-2.459281401693707014e-01,-2.411810000995729286e+00,3.576906789094209671e-01
-3.338289596728691855e-01,-2.405257551968815299e+00,3.565503936260938644e-01
-4.832044375771140654e-01,-2.374254581475885306e+00,3.545272741466760635e-01
-3.869025724688035517e-02,-2.210859226093350394e+00,3.905357867479324341e-01
-4.181559676925161728e-02,-2.246047368542886780e+00,3.904241425916552544e-01
-4.489756486139939717e-02,-2.280732620038657288e+00,3.903141086921095848e-01
-4.793588858987929413e-02,-2.314926781552563817e+00,3.902056347578763962e-01
-5.093020665372138822e-02,-2.348641023113785309e+00,3.900986658409237862e-01
-5.388406167666426327e-02,-2.381883552367948020e+00,3.899932112544775009e-01
-5.679561535884170009e-02,-2.414666009447292261e+00,3.898891983553767204e-01
-9.919530005684729090e-02,-2.422722115807208532e+00,3.903910294175148010e-01
-1.683139852973150052e-01,-2.417570553662429234e+00,3.912876583635807037e-01
-2.459845422858084607e-01,-2.411779233426285529e+00,3.922952339053153992e-01
-3.338937360570140012e-01,-2.405224381199811745e+00,3.934356309473514557e-01
-4.832849929424878344e-01,-2.374215973607020302e+00,3.954589664936065674e-01
-3.869675635491665044e-02,-2.210853525447083801e+00,4.216226264834403992e-01
-4.182334500052553583e-02,-2.246040897491658139e+00,4.212877452373504639e-01
-4.490401070944649575e-02,-2.280727504009017803e+00,4.209575727581977844e-01
-4.794228864167870974e-02,-2.314921901392169357e+00,4.206321462988853455e-01
-5.093658007552570588e-02,-2.348636435261704847e+00,4.203112311661243439e-01
-5.389049259722988872e-02,-2.381879133833070927e+00,4.199948646128177643e-01
-5.680324960639659970e-02,-2.414661056376698589e+00,4.196828790009021759e-01
-9.923780857942476885e-02,-2.422696034916632879e+00,4.211899675428867340e-01
-1.683634251824395189e-01,-2.417541898619660401e+00,4.238801524043083191e-01
-2.460409491938098103e-01,-2.411748479966608461e+00,4.269031733274459839e-01
-3.339563650843964115e-01,-2.405192301605596938e+00,4.303246214985847473e-01
-4.833654354297254319e-01,-2.374177404070663133e+00,4.363953955471515656e-01
-3.870452163305815318e-02,-2.210846733868007785e+00,4.527099877595901489e-01
-4.182971418355807547e-02,-2.246035555705746312e+00,4.521517381072044373e-01
-4.491173231072598249e-02,-2.280721325266102717e+00,4.516015499830245972e-01
-4.794869827660463990e-02,-2.314917049451309161e+00,4.510590508580207825e-01
-5.094436129495205634e-02,-2.348630802802909034e+00,4.505242928862571716e-01
-5.389805017976978530e-02,-2.381873955006205357e+00,4.499970003962516785e-01
-5.680954101883162188e-02,-2.414656968482642441e+00,4.494769126176834106e-01
-9.928020422386651944e-02,-2.422669992358564173e+00,4.519914835691452026e-01
-1.684129731541366137e-01,-2.417513191134617490e+00,4.564756378531455994e-01
-2.460974546052567824e-01,-2.411717645845123048e+00,4.615144953131675720e-01
-3.340211414685410052e-01,-2.405159130836593384e+00,4.672174751758575439e-01
-4.834458779169634735e-01,-2.374138834534305520e+00,4.773365482687950134e-01
-3.871102074109478153e-02,-2.210841033221741192e+00,4.837977215647697449e-01
-4.183755612671447022e-02,-2.246028989882942639e+00,4.830163121223449707e-01
-4.491816857564634446e-02,-2.280716181016928967e+00,4.822458922863006592e-01
-4.795650612602531115e-02,-2.314911124684200239e+00,4.814865365624427795e-01
-5.095072513362985944e-02,-2.348626186731293863e+00,4.807377085089683533e-01
-5.390437780532608691e-02,-2.381869603023369919e+00,4.799994826316833496e-01
-5.681707197137708665e-02,-2.414652081964090424e+00,4.792714789509773254e-01
-9.932259986830804799e-02,-2.422643949800495466e+00,4.827956110239028931e-01
-1.684625211258337085e-01,-2.417484483649574578e+00,4.890741333365440369e-01
-2.461538567216947637e-01,-2.411686878275679291e+00,4.961292073130607605e-01
-3.340858097661132398e-01,-2.405126012509864797e+00,5.041141957044601440e-01
-5.095841264117362268e-02,-2.348620649044073971e+00,5.109516978263854980e-01
-5.391203868287541834e-02,-2.381864357644463137e+00,5.100025236606597900e-01
-5.682346667882121061e-02,-2.414647927517993065e+00,5.090663433074951172e-01
-5.571474778805718397e-02,-2.253172376446232583e+00,3.316402435302734375e-03
-5.876594937133039487e-02,-2.283684426314199989e+00,1.103302836418151855e-02
-4.209072622624598914e-02,-2.116991524346711007e+00,1.366138458251953125e-03
-4.572665422470778562e-02,-2.153350230270562271e+00,9.825795888900756836e-03
-4.920156825714749882e-02,-2.188098949723322306e+00,1.791086792945861816e-02
-5.252478623636769317e-02,-2.221343033195624983e+00,2.564603090286254883e-02
-5.570822694981447665e-02,-2.253176662828068721e+00,3.305280208587646484e-02
-5.875949380278422396e-02,-2.283688466572304065e+00,4.015204310417175293e-02
-3.009051988875544037e-02,-1.997058622110074344e+00,8.378118276596069336e-03
-3.428296738980463054e-02,-2.038980076433998256e+00,1.728385686874389648e-02
-3.827658196424021941e-02,-2.078913192918758757e+00,2.576720714569091797e-02
-4.208369231908792862e-02,-2.116997201133351769e+00,3.385800123214721680e-02
-4.571982372738481182e-02,-2.153355466612291380e+00,4.158189892768859863e-02
-4.919496545980706070e-02,-2.188103762887656956e+00,4.896375536918640137e-02
-5.251949048206339121e-02,-2.221346727856943648e+00,5.602583289146423340e-02
-5.570299646520648906e-02,-2.253180111365655769e+00,6.278848648071289062e-02
-5.875447052838422834e-02,-2.283691623628121725e+00,6.927028298377990723e-02
5.533686723905204552e-01,-1.383925991712487091e+00,2.249926328659057617e-03
5.382807377810465699e-01,-1.467276625025074388e+00,1.727721095085144043e-02
5.146802589596009003e-01,-1.512373751939249500e+00,2.313706278800964355e-02
4.736983320476885750e-01,-1.501241275492744665e+00,1.480534672737121582e-02
4.339401661438954116e-01,-1.498521770500352179e+00,8.394449949264526367e-03
-2.567792868778340232e-02,-1.953002483848381043e+00,3.482705354690551758e-02
-3.008306627289891733e-02,-1.997065609408446685e+00,4.329648613929748535e-02
-3.427559953341874355e-02,-2.038986685913013908e+00,5.135399103164672852e-02
-3.826936893739452117e-02,-2.078919327417828367e+00,5.902925133705139160e-02
-4.207810739547768186e-02,-2.117001714058938333e+00,6.634891033172607422e-02
-4.571430407347087943e-02,-2.153359733414146326e+00,7.333713769912719727e-02
-4.918948678544210473e-02,-2.188107766298262646e+00,8.001592755317687988e-02
-5.251417043761152925e-02,-2.221350405250745119e+00,8.640530705451965332e-02
-5.569649991711134174e-02,-2.253184415015009101e+00,9.252420067787170410e-02
-5.874801495983783539e-02,-2.283695663886225802e+00,9.838864207267761230e-02
5.550348285661921288e-01,-1.228927967048663694e+00,1.300963759422302246e-02
5.533787064098010244e-01,-1.383965516094235237e+00,4.149475693702697754e-02
5.382835147995594927e-01,-1.467286498064868772e+00,5.493378639221191406e-02
5.146733053438767858e-01,-1.512350905477761964e+00,6.016948819160461426e-02
4.804147379096074255e-01,-1.521519813192284687e+00,5.735817551612854004e-02
4.445248269933534391e-01,-1.528027483862592462e+00,5.383950471878051758e-02
4.058893168285629960e-01,-1.529665909807554458e+00,4.905799031257629395e-02
3.500130933572878078e-01,-1.492761840961639441e+00,3.487181663513183594e-02
3.056859534236505693e-01,-1.489729471301908248e+00,2.847650647163391113e-02
2.596587667342734607e-01,-1.486578317275224270e+00,2.183544635772705078e-02
-2.567027546246469782e-02,-1.953010060554806859e+00,7.063648104667663574e-02
-3.007705784021696971e-02,-1.997071283882623449e+00,7.821384072303771973e-02
-3.426977022042443366e-02,-2.038991902674761825e+00,8.542305231094360352e-02
-3.826364967401851835e-02,-2.078924183627736788e+00,9.229034185409545898e-02
-4.207242911165065546e-02,-2.117006306877597943e+00,9.883946180343627930e-02
-4.570738021593101497e-02,-2.153365049648947593e+00,1.050923764705657959e-01
-4.918269726766799632e-02,-2.188112739248742500e+00,1.110680401325225830e-01
-5.250751525960306587e-02,-2.221355034916903115e+00,1.167847812175750732e-01
-5.569136279272024481e-02,-2.253187783659523546e+00,1.222591400146484375e-01
-5.874287403507372218e-02,-2.283698883567598426e+00,1.275062859058380127e-01
5.527376295293739972e-01,-1.218904848006503006e+00,5.369198322296142578e-02
5.533881363124131259e-01,-1.384002544703630377e+00,8.073714375495910645e-02
5.291672785771837084e-01,-1.434571354767081974e+00,8.618509769439697266e-02
4.975129343095709977e-01,-1.456000121941456005e+00,8.600968122482299805e-02
4.662229004221067341e-01,-1.478670987983565333e+00,8.607947826385498047e-02
4.314518841859483755e-01,-1.491585461816714142e+00,8.415126800537109375e-02
3.941750203428775468e-01,-1.499407600778182692e+00,8.110019564628601074e-02
3.551702209576765856e-01,-1.505144403526258001e+00,7.750785350799560547e-02
3.133843436416255956e-01,-1.506959507925295538e+00,7.295191287994384766e-02
2.688116959925447302e-01,-1.505721073630920337e+00,6.757351756095886230e-02
2.105359136233614370e-01,-1.480763755274806970e+00,5.672922730445861816e-02
-2.566401884002589284e-02,-1.953016289902002489e+00,1.064450144767761230e-01
-3.007111847760457479e-02,-1.997076861196210196e+00,1.131307780742645264e-01
-3.426247143410809937e-02,-2.038998414993187680e+00,1.194921731948852539e-01
-3.825643664717293113e-02,-2.078930318126806398e+00,1.255514770746231079e-01
-4.206530184427570429e-02,-2.117012063557311308e+00,1.313300132751464844e-01
-4.570183627186974462e-02,-2.153369299183285346e+00,1.368468701839447021e-01
-4.917719430315536933e-02,-2.188116725391830997e+00,1.421194672584533691e-01
-5.250210185493442427e-02,-2.221358792203777188e+00,1.471636295318603516e-01
-5.568474859426064683e-02,-2.253192149934432287e+00,1.519941985607147217e-01
-5.873641846652732923e-02,-2.283702923825702946e+00,1.566239148378372192e-01
4.876019310643130433e-01,-1.285406572409308446e+00,9.939172863960266113e-02
4.505757627029665091e-01,-1.301868894587089098e+00,9.799596667289733887e-02
4.159354538084301112e-01,-1.326840394187573491e+00,9.804499149322509766e-02
3.812284817702454864e-01,-1.351582995665661979e+00,9.805488586425781250e-02
3.465250582448561323e-01,-1.376326731094696720e+00,9.806531667709350586e-02
3.119189180056268773e-01,-1.401295733653525444e+00,9.811741113662719727e-02
2.812986075828290966e-01,-1.435147106556930341e+00,9.982818365097045898e-02
2.191460019336691767e-01,-1.401848612866081423e+00,8.885869383811950684e-02
-2.565654019006713416e-02,-1.953023698188524948e+00,1.422533541917800903e-01
-3.006352672160905737e-02,-1.997084042815762572e+00,1.480476409196853638e-01
-3.425654876089700984e-02,-2.039003711648008199e+00,1.535604447126388550e-01
-3.825071738379692832e-02,-2.078935174336715264e+00,1.588117480278015137e-01
-4.205971692066534651e-02,-2.117016576482898316e+00,1.638197451829910278e-01
-4.569491241432976913e-02,-2.153374615418086613e+00,1.686012744903564453e-01
-4.917040478538137194e-02,-2.188121698342310850e+00,1.731707900762557983e-01
-5.249542238677862294e-02,-2.221363404602417546e+00,1.775423437356948853e-01
-5.567942474943565756e-02,-2.253195678365091936e+00,1.817285418510437012e-01
-5.873238117496404342e-02,-2.283705465448971239e+00,1.857406944036483765e-01
-1.780580808062266485e-01,-9.781320004206621732e-01,4.829502105712890625e-02
-2.285289506602103948e-01,-1.009202231719015908e+00,4.771897196769714355e-02
-2.565035263769765983e-02,-1.953029830375130782e+00,1.780608743429183960e-01
-3.005749399877977179e-02,-1.997089700022421921e+00,1.829636693000793457e-01
-3.424927426472790248e-02,-2.039010241233951692e+00,1.876285374164581299e-01
-3.824350435695111905e-02,-2.078941308835784874e+00,1.920718997716903687e-01
-4.205268301350728599e-02,-2.117022253269538634e+00,1.963093876838684082e-01
-4.568946183048527843e-02,-2.153378785059351763e+00,2.003549635410308838e-01
-4.916501947123319560e-02,-2.188125621859843939e+00,2.042214572429656982e-01
-5.249000898210987032e-02,-2.221367161889291619e+00,2.079204320907592773e-01
-5.567419426482778100e-02,-2.253199126902678984e+00,2.114625573158264160e-01
-5.872735790056426985e-02,-2.283708622504788011e+00,2.148573994636535645e-01
-3.784928628614541157e-01,-4.863706714121294183e-01,4.553020000457763672e-02
-1.749538724108639087e-01,-9.834945889402080255e-01,1.084367632865905762e-01
-2.294605015064101750e-01,-1.007687208993708339e+00,1.070101261138916016e-01
-2.564269941237884431e-02,-1.953037407081556598e+00,2.138681709766387939e-01
-3.004997131285369605e-02,-1.997096784481384057e+00,2.178794890642166138e-01
-3.424344495173370362e-02,-2.039015457995699165e+00,2.216959148645401001e-01
-3.823771602350589660e-02,-2.078946262206283535e+00,2.253313511610031128e-01
-4.204691136946336893e-02,-2.117026925981270846e+00,2.287983447313308716e-01
-4.568382452620700640e-02,-2.153383114486762118e+00,2.321083396673202515e-01
-4.915822995345897617e-02,-2.188130594810323792e+00,2.352719753980636597e-01
-5.248480658802245902e-02,-2.221370776657538126e+00,2.382981628179550171e-01
-5.567034749407118177e-02,-2.253201657702943894e+00,2.411960512399673462e-01
-5.872362497979910501e-02,-2.283710941716356579e+00,2.439736276865005493e-01
5.061229831228741816e-02,9.720019194917153271e-01,3.082334995269775391e-02
-1.436810857623860294e-02,8.552101892125638649e-01,3.620523214340209961e-02
-1.107174914913287012e-01,8.617694271307780873e-01,3.048378229141235352e-02
-2.877851573973917443e-01,2.621111130126059230e-01,6.660148501396179199e-02
-3.785269435004903205e-01,-4.863080195117657212e-01,1.187377870082855225e-01
-1.783426463486910141e-01,-9.776404293726288497e-01,1.670418083667755127e-01
-2.303934261532516459e-01,-1.006169945130318766e+00,1.663959175348281860e-01
-1.505490519697004537e+00,-3.570319325762345564e-01,4.780974984169006348e-02
-2.563660522022626065e-02,-1.953043459375089608e+00,2.496747076511383057e-01
-3.004405624038863909e-02,-1.997102379062488442e+00,2.527945861220359802e-01
-3.423752227852272512e-02,-2.039020754650519685e+00,2.557628750801086426e-01
-3.823047870651252733e-02,-2.078952379437835507e+00,2.585905641317367554e-01
-4.203990175245264638e-02,-2.117032620035428359e+00,2.612870782613754272e-01
-4.567673823838092062e-02,-2.153388607775226227e+00,2.638614997267723083e-01
-4.915277556924135816e-02,-2.188134615488447121e+00,2.663218900561332703e-01
-5.247951083371804604e-02,-2.221374471318856791e+00,2.686755806207656860e-01
-5.566502364924641455e-02,-2.253205186133603544e+00,2.709294930100440979e-01
-5.871839069481810114e-02,-2.283714241290801361e+00,2.730897963047027588e-01
5.060461333872035006e-02,9.720353619162622749e-01,1.291558146476745605e-01
-1.438851965268295174e-02,8.552907492534860268e-01,1.329969465732574463e-01
-1.107404346947475915e-01,8.618516973952337068e-01,1.289100199937820435e-01
-2.877660477718557708e-01,2.620618053213843446e-01,1.547171622514724731e-01
-3.785567873997013333e-01,-4.862531791256796687e-01,1.919497847557067871e-01
-1.796064734780715710e-01,-9.754571359041206424e-01,2.262889593839645386e-01
-2.313279765908646812e-01,-1.004650034218970367e+00,2.258764803409576416e-01
-1.512099856819600241e+00,8.499789250669911311e-01,7.531139254570007324e-02
-1.600976119028637790e+00,7.677513063402829907e-01,7.634854316711425781e-02
-1.618778832202043994e+00,5.897270829070557774e-01,8.535310626029968262e-02
-1.635539331641600036e+00,4.221239261263312059e-01,9.383061528205871582e-02
-2.562895199490755616e-02,-1.953051036081515646e+00,2.854809463024139404e-01
-3.003660262453211605e-02,-1.997109366360860561e+00,2.877093851566314697e-01
-3.423013013198927812e-02,-2.039027346862018142e+00,2.898295670747756958e-01
-3.822475944313663554e-02,-2.078957235647744373e+00,2.918491885066032410e-01
-4.203429253869495064e-02,-2.117037115693498173e+00,2.937752380967140198e-01
-4.567128765453642991e-02,-2.153392777416491377e+00,2.956140860915184021e-01
-4.914870109850233426e-02,-2.188137569466106491e+00,2.973713874816894531e-01
-5.247548114290090382e-02,-2.221377310868409172e+00,2.990525811910629272e-01
-5.566127023870670598e-02,-2.253207637040795852e+00,3.006624951958656311e-01
-5.871336742041810552e-02,-2.283717398346618577e+00,3.022056519985198975e-01
7.763984167927362456e-02,8.540733062604886072e-01,2.319730371236801147e-01
-1.440897170867616595e-02,8.553715726856578883e-01,2.297927588224411011e-01
-1.107631577989296456e-01,8.619332465560107792e-01,2.273405343294143677e-01
-2.877566515890011001e-01,2.620374774925777750e-01,2.428290098905563354e-01
-3.785909818887289724e-01,-4.861903156366187417e-01,2.651647031307220459e-01
-1.808759430388131584e-01,-9.732641049770547337e-01,2.856698781251907349e-01
-2.322637869791281950e-01,-1.003128093758237194e+00,2.854520678520202637e-01
-1.600909159105365021e+00,7.676544008159180699e-01,1.958115994930267334e-01
-2.562284565768113698e-02,-1.953057079741290281e+00,3.212865144014358521e-01
-3.003059419185027945e-02,-1.997115040835037325e+00,3.226235583424568176e-01
-3.422420745877818860e-02,-2.039032643516838661e+00,3.238956518471240997e-01
-3.821754641629082627e-02,-2.078963370146813538e+00,3.251074813306331635e-01
-4.202728292168445012e-02,-2.117042809747656129e+00,3.262630924582481384e-01
-4.566574371047504854e-02,-2.153397026950829130e+00,3.273663185536861420e-01
-4.914322242413737829e-02,-2.188141572876712182e+00,3.284206911921501160e-01
-5.247006773823215120e-02,-2.221381068155283245e+00,3.294293954968452454e-01
-5.565587732381249708e-02,-2.253211262632045297e+00,3.303953260183334351e-01
-5.870935441900249074e-02,-2.283719957237404508e+00,3.313211575150489807e-01
4.035730284022802650e-01,-5.680599548180333969e-01,3.453312441706657410e-01
3.454960689558046472e-01,-5.640830672027519199e-01,3.448383212089538574e-01
2.854547666004398909e-01,-5.599656868182445457e-01,3.443286586552858353e-01
2.233510505540432511e-01,-5.557134682345621357e-01,3.438015617430210114e-01
1.590725611166091680e-01,-5.513050733845989981e-01,3.432559296488761902e-01
9.250798358518352860e-02,-5.467473811070684420e-01,3.426909707486629486e-01
2.353042382411518751e-02,-5.420241202422295679e-01,3.421055302023887634e-01
-4.799641540393806416e-02,-5.371192686539321137e-01,3.414983749389648438e-01
-1.222105474929344737e-01,-5.320373307166286203e-01,3.408684879541397095e-01
-1.992694303787958532e-01,-5.267606533189064244e-01,3.402144573628902435e-01
-2.793436975115404231e-01,-5.212701262814611880e-01,3.395347520709037781e-01
-3.757227296965117702e-01,-4.914617591607326474e-01,3.384639956057071686e-01
-1.821454125995543016e-01,-9.710710740499886029e-01,3.451856840401887894e-01
-2.332012110130894378e-01,-1.001603497615786154e+00,3.451229333877563477e-01
-1.693809566035758607e+00,-1.604478326727871718e-01,3.246549256145954132e-01
-2.561520457743615697e-02,-1.953064665081474915e+00,3.570916671305894852e-01
-3.002307150592409268e-02,-1.997122125293999684e+00,3.575373403728008270e-01
-3.421693296260919226e-02,-2.039039173102781710e+00,3.579613622277975082e-01
-3.821192051313171412e-02,-2.078968146463649802e+00,3.583652693778276443e-01
-4.202302933125756645e-02,-2.117046221437744791e+00,3.587504476308822632e-01
-4.566169733025637889e-02,-2.153400147159147959e+00,3.591181803494691849e-01
-4.913917224354569235e-02,-2.188144544121889190e+00,3.594696344807744026e-01
-5.246474769378028924e-02,-2.221384745549084272e+00,3.598058838397264481e-01
-5.565064683920439847e-02,-2.253214711169632345e+00,3.601278560236096382e-01
-5.870421349423815549e-02,-2.283723176918776687e+00,3.604364627972245216e-01
4.035673606764629273e-01,-5.680353166667919673e-01,4.046573266386985779e-01
3.454881364558353152e-01,-5.640518484023315793e-01,4.051503539085388184e-01
2.854476870702505886e-01,-5.599402971603404389e-01,4.056599587202072144e-01
2.233431269815290277e-01,-5.556875085021473204e-01,4.061870798468589783e-01
1.590639240411628741e-01,-5.512790358251367095e-01,4.067327342927455902e-01
9.249827476742988885e-02,-5.467203502957005412e-01,4.072977267205715179e-01
2.351968424360317833e-02,-5.419963595702057546e-01,4.078832007944583893e-01
-4.800518169206779984e-02,-5.370982958412957586e-01,4.084902815520763397e-01
-1.222233638004559531e-01,-5.320087061758602687e-01,4.091202989220619202e-01
-1.992835370399519412e-01,-5.267311909338889819e-01,4.097743704915046692e-01
-2.793551006879801957e-01,-5.212478102416451264e-01,4.104539901018142700e-01
-3.757354642061350170e-01,-4.914383418854177954e-01,4.115248024463653564e-01
-1.834203985965909833e-01,-9.688685086193029594e-01,4.048364721238613129e-01
-2.341401469878310326e-01,-1.000076466014073739e+00,4.048892706632614136e-01
-2.560919160042662845e-02,-1.953070628848176948e+00,3.928962852805852890e-01
-3.001722550352847740e-02,-1.997127622714513828e+00,3.924506101757287979e-01
-3.421098599925054273e-02,-2.039044452490085035e+00,3.920265845954418182e-01
-3.820601452932215203e-02,-2.078973162459703872e+00,3.916226681321859360e-01
-4.201735104743065108e-02,-2.117050814256403957e+00,3.912374936044216156e-01
-4.565606002597832891e-02,-2.153404476586557870e+00,3.908697534352540970e-01
-4.913369356918073638e-02,-2.188148547532494881e+00,3.905182993039488792e-01
-5.246057606245124738e-02,-2.221387630456674422e+00,3.901820657774806023e-01
-5.564670670823113063e-02,-2.253217321862970302e+00,3.898600926622748375e-01
-5.870026956289176034e-02,-2.283725638648972378e+00,3.895514830946922302e-01
2.983841515606806549e-01,-1.090926907240050703e-01,4.814208894968032837e-01
2.290235289697900578e-01,-1.047186772839543423e-01,4.831747263669967651e-01
1.573386896722073214e-01,-1.001978995661740868e-01,4.849873483180999756e-01
8.322206330541737085e-02,-9.556060916048680909e-02,4.868602454662322998e-01
-1.846956244386839252e-01,-9.666655286449818973e-01,4.646227061748504639e-01
-2.350837083447576692e-01,-9.985418991783612253e-01,4.647515565156936646e-01
-1.613643075501581592e+00,5.827032685233812792e-01,5.484305322170257568e-01
-1.680301165704744193e+00,-2.668906570470497286e-02,5.300691127777099609e-01
-2.560299190298342964e-02,-1.953076752401023963e+00,4.287004508078098297e-01
-3.000967852745506370e-02,-1.997134689905958993e+00,4.273633696138858795e-01
-3.420515668625645489e-02,-2.039049669251832508e+00,4.260913953185081482e-01
-3.820171995934651399e-02,-2.078976837541041345e+00,4.248797520995140076e-01
-4.201321510736821807e-02,-2.117054163320937210e+00,4.237242415547370911e-01
-4.565070280235050681e-02,-2.153408566334750862e+00,4.226209819316864014e-01
-4.912830825503244903e-02,-2.188152471050028414e+00,4.215666241943836212e-01
-5.245537366836383608e-02,-2.221391245224920930e+00,4.205579496920108795e-01
-5.564147622362303203e-02,-2.253220770400557349e+00,4.195920340716838837e-01
-5.869524628849198677e-02,-2.283728795704789594e+00,4.186662286520004272e-01
3.026641868217520015e-01,-1.277675693026769643e-01,5.511894375085830688e-01
2.338481010654325232e-01,-1.237468282095326444e-01,5.540721863508224487e-01
1.627378965873623740e-01,-1.195737228562014920e-01,5.570520311594009399e-01
8.923499073910112767e-02,-1.153057557431109714e-01,5.601296722888946533e-01
-1.859736024263878296e-01,-9.644577771019715584e-01,5.245447605848312378e-01
-2.360256560559865768e-01,-9.970099880243665780e-01,5.247097015380859375e-01
-2.559535082273844964e-02,-1.953084337741208598e+00,4.645040035247802734e-01
-3.000367009477322711e-02,-1.997140364380135757e+00,4.622757136821746826e-01
-3.419932737326214500e-02,-2.039054886013580425e+00,4.601557999849319458e-01
-3.819600069597062220e-02,-2.078981693750950210e+00,4.581364095211029053e-01
-4.200751253339363167e-02,-2.117058738872079182e+00,4.562105834484100342e-01
-4.564635205133393825e-02,-2.153411908954769860e+00,4.543719366192817688e-01
-4.912414042407653447e-02,-2.188155504920760386e+00,4.526146948337554932e-01
-5.245131968739924488e-02,-2.221394067506955672e+00,4.509335830807685852e-01
-5.563751180250231521e-02,-2.253223363826377224e+00,4.493237659335136414e-01
-5.869010536372765152e-02,-2.283732015386162217e+00,4.477806612849235535e-01
3.068894953147953686e-01,-1.462037480071751716e-01,6.200331300497055054e-01
2.386032539537337183e-01,-1.425007977907122303e-01,6.240160316228866577e-01
1.680607131840502477e-01,-1.386756400963538027e-01,6.281305253505706787e-01
9.514761670272786631e-02,-1.347214486608780959e-01,6.323833167552947998e-01
-1.872575886855736282e-01,-9.622396706018288004e-01,5.846036970615386963e-01
-2.369690914178481655e-01,-9.954756241435924746e-01,5.847640186548233032e-01
-1.544979808108909225e+00,9.003916316807600850e-01,8.001758158206939697e-01
-1.600828655396105749e+00,7.675378710724420905e-01,7.930746078491210938e-01
-1.618647674795574698e+00,5.895476893685720476e-01,7.804715931415557861e-01
-1.630508272491974164e+00,4.156154101693201319e-01,7.678550183773040771e-01
-2.558924448551203046e-02,-1.953090381400983011e+00,5.003072023391723633e-01
-2.999905826497117900e-02,-1.997144691495082114e+00,4.971878156065940857e-01
-3.419478081315663331e-02,-2.039058967004795164e+00,4.942199513316154480e-01
-3.819028143259461938e-02,-2.078986549960858632e+00,4.913926869630813599e-01
-4.200183424956660527e-02,-2.117063331690738792e+00,4.886965528130531311e-01
-4.564092575763689652e-02,-2.153416095863552204e+00,4.861224964261054993e-01
-4.911887276029269778e-02,-2.188159365812738510e+00,4.836623966693878174e-01
-5.244611729331172256e-02,-2.221397682275202179e+00,4.813088625669479370e-01
-5.563228131789432762e-02,-2.253226812363964271e+00,4.790551215410232544e-01
-5.868627908274559601e-02,-2.283734414490802500e+00,4.768949449062347412e-01
3.105233509982473494e-01,-1.620590958170837759e-01,6.882369816303253174e-01
2.406567644895756253e-01,-1.505997614203655743e-01,6.942282021045684814e-01
-1.900528933377916285e-01,-9.574107336262125401e-01,6.451601684093475342e-01
-2.379140265754164929e-01,-9.939388161697981783e-01,6.449147164821624756e-01
-5.244206331234702034e-02,-2.221400504557236921e+00,5.116839706897735596e-01
-5.562705083328634004e-02,-2.253230260901551318e+00,5.087861567735671997e-01
-5.868104479776459215e-02,-2.283737714065247726e+00,5.060088038444519043e-01
-1.920344780722527123e-01,-9.539875184975183942e-01,7.057758867740631104e-01
-2.415677646205121043e-01,-9.879965815282947261e-01,7.059200406074523926e-01
-1.512619452749333515e+00,8.507755485431118814e-01,1.034436970949172974e+00
-1.600734862927259528e+00,7.674021208612926692e-01,1.031953185796737671e+00
-1.651133874336748519e+00,2.637924307436065874e-01,9.759156405925750732e-01
-1.933594899811437173e-01,-9.516985336694410158e-01,7.663754820823669434e-01
-2.427058227856073724e-01,-9.861456989060060074e-01,7.664650082588195801e-01
-4.278071278844990388e-01,-8.124987056772501326e-01,8.096783459186553955e-01
-4.870467976121555242e-01,-8.443943853577557945e-01,8.111248016357421875e-01
-1.399716325454389843e+00,1.170481582725697578e-01,1.039095312356948853e+00
-1.521647285628150659e+00,1.051995024432716974e-01,1.049689382314682007e+00
-1.606493468466779539e+00,4.534282950986101568e-02,1.049754410982131958e+00
-1.680265300502377990e+00,-2.672850975790996841e-02,1.046975582838058472e+00
-1.693646019729439178e+00,-1.606185350351609920e-01,1.029366761445999146e+00
-1.054306543452132594e-01,-8.619017131715365210e-01,8.310458958148956299e-01
-1.333796246417655595e-01,-9.368514427424912139e-01,8.220480680465698242e-01
-1.772314214005015209e-01,-9.795601162576672571e-01,8.201637566089630127e-01
-2.307571509425585532e-01,-1.005578439961119397e+00,8.221293091773986816e-01
-2.933777124408065706e-01,-1.018610830833455161e+00,8.272723257541656494e-01
-3.506314455568373400e-01,-1.041822906851960440e+00,8.301292061805725098e-01
-4.086095429369638321e-01,-1.065334918611678949e+00,8.330212235450744629e-01
-1.635129861424558850e+00,4.215941930276447813e-01,1.218351870775222778e+00
-4.979737668348516166e-02,-8.393715111893502723e-01,8.887020051479339600e-01
-6.673280233736123002e-02,-9.376964707933148624e-01,8.727273941040039062e-01
-8.584842781936008471e-02,-1.024206511321604340e+00,8.592270612716674805e-01
-1.178187009358109272e-01,-1.082196785118886284e+00,8.526985645294189453e-01
-1.649031178249069640e-01,-1.112680006359729967e+00,8.532518148422241211e-01
-2.151232102065545604e-01,-1.138593514230327397e+00,8.550637960433959961e-01
-2.657282455102976115e-01,-1.164699936147186365e+00,8.568907380104064941e-01
-3.169950800212677500e-01,-1.190629468176646277e+00,8.588375151157379150e-01
-3.841701841805489348e-01,-1.196727422496168813e+00,8.665495216846466064e-01
-1.666059210506542154e+00,1.144675135848949310e-01,1.278009921312332153e+00
-8.440335871886750496e-02,-6.166550151148864067e-01,1.000312536954879761e+00
-1.656702407902388430e-03,-9.400544715406349283e-01,9.212239682674407959e-01
-3.079673059690279935e-02,-1.008082080646412360e+00,9.114342033863067627e-01
-5.019132295038608582e-02,-1.089738854645009081e+00,8.973908722400665283e-01
-7.724898131996460471e-02,-1.152281789266682344e+00,8.884296715259552002e-01
-1.080585634625663705e-01,-1.205129012167546865e+00,8.820266425609588623e-01
-1.570606930924760558e-01,-1.227617111345003176e+00,8.845813572406768799e-01
-2.069279119350553309e-01,-1.249799327557221895e+00,8.873266875743865967e-01
-2.638841798468667399e-01,-1.263265444433143925e+00,8.929182589054107666e-01
-3.351787238058561158e-01,-1.260105925331056476e+00,9.040590226650238037e-01
-4.541979485739839895e-01,-1.202194257773705477e+00,9.335490167140960693e-01
-1.602192156421887503e+00,4.035121451974754692e-02,1.359516590833663940e+00
-1.680217512619418763e+00,-2.678112485220651706e-02,1.357102841138839722e+00
-5.635308997563037714e-02,-5.170543194855925506e-01,1.084353595972061157e+00
5.056820814811602283e-02,-9.187402788425307332e-01,9.751057326793670654e-01
3.136843926874421928e-02,-1.009124343395699341e+00,9.575565159320831299e-01
2.661022097134813080e-03,-1.073613498751990747e+00,9.474751651287078857e-01
-1.801293284203442369e-02,-1.148877793568886752e+00,9.336235225200653076e-01
-5.143210954395449619e-02,-1.196880923801008079e+00,9.280785620212554932e-01
-9.299900757433654519e-02,-1.229621076374024291e+00,9.273488223552703857e-01
-1.340197037454897711e-01,-1.262944410839613063e+00,9.263969361782073975e-01
-1.785808481927866342e-01,-1.290824901484522336e+00,9.272653758525848389e-01
-2.437705280876725222e-01,-1.290773450783585075e+00,9.378754794597625732e-01
-3.134236909779073432e-01,-1.288249624293759332e+00,9.497767984867095947e-01
-4.089394975146081190e-01,-1.257626054081975697e+00,9.723090827465057373e-01
-5.266069455076185513e-01,-1.207842118119673014e+00,1.002824693918228149e+00
-1.440494546820943800e+00,-2.905504096123880942e-01,1.361185401678085327e+00
9.362443010839360813e-02,-8.771585197176001714e-01,1.035007983446121216e+00
9.140373976941829071e-02,-1.010135885636947339e+00,1.002095371484756470e+00
6.425549112300732446e-02,-1.077905373365478869e+00,9.899545609951019287e-01
3.099029970253841526e-02,-1.129100013718124407e+00,9.830547273159027100e-01
3.732053728940476489e-03,-1.188841737752298400e+00,9.729443490505218506e-01
-3.736934376750422615e-02,-1.221174624165462852e+00,9.721642434597015381e-01
-7.885342774894388285e-02,-1.252626723678516463e+00,9.716728627681732178e-01
-1.217381236016386037e-01,-1.281774984643307969e+00,9.720079600811004639e-01
-1.673774891027102196e-01,-1.307039084671774543e+00,9.738064706325531006e-01
-2.257810836296749724e-01,-1.315376329387405230e+00,9.821176230907440186e-01
-2.923952492664090297e-01,-1.315453374327404390e+00,9.939596951007843018e-01
-3.633665418923126555e-01,-1.313443014018617960e+00,1.007100492715835571e+00
-4.782278017560670502e-01,-1.263985076836873889e+00,1.039941042661666870e+00
1.370420455947268801e-01,-8.352271213218194212e-01,1.095413416624069214e+00
1.405922950611030453e-01,-9.899309142513510462e-01,1.052606731653213501e+00
1.176360871231727501e-01,-1.068847593496152326e+00,1.035563975572586060e+00
8.416400918382205276e-02,-1.119542684365512963e+00,1.028240114450454712e+00
5.142798004216642127e-02,-1.169129921444249876e+00,1.021075457334518433e+00
1.730578912124158819e-02,-1.213788184313160379e+00,1.015521019697189331e+00
-2.499400338079726946e-02,-1.242553262194681984e+00,1.015876382589340210e+00
-6.734065760955409985e-02,-1.271350483313304469e+00,1.016232043504714966e+00
-1.105419126294879817e-01,-1.298941438872024401e+00,1.017081528902053833e+00
-1.563938423551254342e-01,-1.322935278391519365e+00,1.019423395395278931e+00
-2.102432701617702460e-01,-1.336626286235503391e+00,1.026118189096450806e+00
-2.735277284950938803e-01,-1.339861611136583086e+00,1.037485808134078979e+00
-3.414123750170683369e-01,-1.340332101343339133e+00,1.050496369600296021e+00
-4.339775621046779719e-01,-1.315336511123478047e+00,1.075217217206954956e+00
-5.498301759639361297e-01,-1.270556360966173859e+00,1.109831780195236206e+00
1.180785611033304816e-01,-6.180275525526086611e-01,1.220876306295394897e+00
1.803828482627757301e-01,-9.471773622586852071e-01,1.111069589853286743e+00
1.566968093618441582e-01,-1.028598806664114074e+00,1.092079490423202515e+00
1.331811635830828511e-01,-1.103639567145817235e+00,1.074929922819137573e+00
1.031897786841242670e-01,-1.159333807712173314e+00,1.064822643995285034e+00
6.961837025222816777e-02,-1.204758187073497799e+00,1.058483451604843140e+00
2.760466741218592368e-02,-1.232715974138843373e+00,1.059044808149337769e+00
-1.421721971792866412e-02,-1.261170421988788037e+00,1.059420078992843628e+00
-5.593754258778127486e-02,-1.289895945030221647e+00,1.059694379568099976e+00
-9.988267660164451556e-02,-1.315284572293231813e+00,1.061414867639541626e+00
-1.456259163133208911e-01,-1.338519274475652443e+00,1.064144581556320190e+00
-1.940453334184124579e-01,-1.358779050155197066e+00,1.068308502435684204e+00
-2.572916145563806101e-01,-1.360865702167412872e+00,1.080915242433547974e+00
-3.216485058704969813e-01,-1.364538557471647096e+00,1.093287676572799683e+00
-3.908296658201195761e-01,-1.365408713139117713e+00,1.107492655515670776e+00
-5.025910737581062993e-01,-1.322533942248465211e+00,1.143460899591445923e+00
-1.568016944827976378e+00,-2.917612433081600010e-01,1.669254332780838013e+00
2.122497514259986673e-01,-8.805387062380236607e-01,1.179485112428665161e+00
1.873222723017741176e-01,-9.651019742516491196e-01,1.158374816179275513e+00
1.636694195165373511e-01,-1.045340412123718421e+00,1.138344138860702515e+00
1.406049125013734136e-01,-1.120254992340926403e+00,1.119862824678421021e+00
1.150607347596944718e-01,-1.184161072260306202e+00,1.105414956808090210e+00
7.911954429903300667e-02,-1.223367439950813651e+00,1.101102024316787720e+00
3.794183044714372066e-02,-1.251714104317301457e+00,1.101394444704055786e+00
-3.141512444064242793e-03,-1.280303902387199599e+00,1.101588934659957886e+00
-4.595644961200884282e-02,-1.306128655235568425e+00,1.103045433759689331e+00
-8.943760998661587358e-02,-1.331299340351253635e+00,1.104858070611953735e+00
-1.350698438175159666e-01,-1.353796660721910294e+00,1.107997924089431763e+00
-1.829525431494063437e-01,-1.373949863078046452e+00,1.112383395433425903e+00
-2.414839370938681729e-01,-1.381315514948151302e+00,1.123198181390762329e+00
-3.047004953632503899e-01,-1.385296185628100085e+00,1.136133939027786255e+00
-3.701446061544610977e-01,-1.389413280044272003e+00,1.149526685476303101e+00
-4.582581762423916238e-01,-1.371313843481603012e+00,1.175025433301925659e+00
2.125494071567562981e-01,-8.813740877910194449e-01,1.234613269567489624e+00
1.884488581623359194e-01,-9.680120475906235367e-01,1.211148232221603394e+00
1.656291533822471518e-01,-1.050045931670620991e+00,1.188930004835128784e+00
1.425055047195058489e-01,-1.124508775974529584e+00,1.169340819120407104e+00
1.157321915740401330e-01,-1.185565397586973102e+00,1.155153542757034302e+00
8.260418829739579749e-02,-1.230192634905395099e+00,1.148037880659103394e+00
4.581271932892927445e-02,-1.266179592437376655e+00,1.144718438386917114e+00
4.742931023692276149e-03,-1.293924455255713868e+00,1.145208328962326050e+00
-3.601885451210196099e-02,-1.322290635706464546e+00,1.145414501428604126e+00
-7.920011927721715139e-02,-1.346995828229069048e+00,1.147437363862991333e+00
-1.247145114332557370e-01,-1.368783523637034039e+00,1.151005059480667114e+00
-1.720720586204165237e-01,-1.388830330125988111e+00,1.155602842569351196e+00
-2.260855917082582600e-01,-1.401235788951383787e+00,1.164377778768539429e+00
-2.882045710269454108e-01,-1.405500112735396545e+00,1.177846461534500122e+00
-3.524802589878748282e-01,-1.409912366977309706e+00,1.191782802343368530e+00
-4.760321935878015776e-01,-1.351756978775331852e+00,1.241068094968795776e+00
-1.707306377334776748e+00,-2.867167923397992979e-01,1.896128445863723755e+00
